[0m11:07:38.710210 [debug] [MainThread]: Sending event: {'category': 'dbt', 'action': 'invocation', 'label': 'start', 'context': [<snowplow_tracker.self_describing_json.SelfDescribingJson object at 0x000001D8E74EE900>, <snowplow_tracker.self_describing_json.SelfDescribingJson object at 0x000001D8E81B56D0>, <snowplow_tracker.self_describing_json.SelfDescribingJson object at 0x000001D8E81B5450>]}


============================== 11:07:38.715320 | ef751b2b-8cd5-40a9-939a-f9edda551918 ==============================
[0m11:07:38.715320 [info ] [MainThread]: Running with dbt=1.9.4
[0m11:07:38.715964 [debug] [MainThread]: running dbt with arguments {'printer_width': '80', 'indirect_selection': 'eager', 'write_json': 'True', 'log_cache_events': 'False', 'partial_parse': 'True', 'cache_selected_only': 'False', 'warn_error': 'None', 'debug': 'False', 'profiles_dir': 'C:\\Users\\Bruno Guerreiro\\Documents\\code-projects\\gcp-biomarkers\\bg_nhanes_project', 'log_path': 'logs', 'fail_fast': 'False', 'version_check': 'True', 'use_colors': 'True', 'use_experimental_parser': 'False', 'no_print': 'None', 'quiet': 'False', 'empty': 'False', 'log_format': 'default', 'static_parser': 'True', 'introspect': 'True', 'invocation_command': 'dbt run', 'target_path': 'None', 'warn_error_options': 'WarnErrorOptions(include=[], exclude=[])', 'send_anonymous_usage_stats': 'True'}
[0m11:07:38.716526 [error] [MainThread]: Encountered an error:
Runtime Error
  No dbt_project.yml found at expected path C:\Users\Bruno Guerreiro\Documents\code-projects\gcp-biomarkers\bg_nhanes_project\dbt_project.yml
  Verify that each entry within packages.yml (and their transitive dependencies) contains a file named dbt_project.yml
  
[0m11:07:38.717650 [debug] [MainThread]: Command `dbt run` failed at 11:07:38.717535 after 0.18 seconds
[0m11:07:38.717973 [debug] [MainThread]: Sending event: {'category': 'dbt', 'action': 'invocation', 'label': 'end', 'context': [<snowplow_tracker.self_describing_json.SelfDescribingJson object at 0x000001D8E854F490>, <snowplow_tracker.self_describing_json.SelfDescribingJson object at 0x000001D8E84D7AD0>, <snowplow_tracker.self_describing_json.SelfDescribingJson object at 0x000001D8E84AFBD0>]}
[0m11:07:38.718308 [debug] [MainThread]: Flushing usage events
[0m11:07:39.285787 [debug] [MainThread]: An error was encountered while trying to flush usage events
[0m11:08:01.948926 [debug] [MainThread]: Sending event: {'category': 'dbt', 'action': 'invocation', 'label': 'start', 'context': [<snowplow_tracker.self_describing_json.SelfDescribingJson object at 0x0000023C53A0E900>, <snowplow_tracker.self_describing_json.SelfDescribingJson object at 0x0000023C546C56D0>, <snowplow_tracker.self_describing_json.SelfDescribingJson object at 0x0000023C546C5450>]}


============================== 11:08:01.952926 | 8ad121b3-a1c0-4fbd-9390-891da7a2eba0 ==============================
[0m11:08:01.952926 [info ] [MainThread]: Running with dbt=1.9.4
[0m11:08:01.953512 [debug] [MainThread]: running dbt with arguments {'printer_width': '80', 'indirect_selection': 'eager', 'log_cache_events': 'False', 'write_json': 'True', 'partial_parse': 'True', 'cache_selected_only': 'False', 'warn_error': 'None', 'version_check': 'True', 'profiles_dir': 'C:\\Users\\Bruno Guerreiro\\.dbt', 'log_path': 'C:\\Users\\Bruno Guerreiro\\Documents\\code-projects\\gcp-biomarkers\\bg_nhanes_project\\logs', 'debug': 'False', 'fail_fast': 'False', 'use_colors': 'True', 'use_experimental_parser': 'False', 'empty': 'False', 'quiet': 'False', 'no_print': 'None', 'warn_error_options': 'WarnErrorOptions(include=[], exclude=[])', 'introspect': 'True', 'log_format': 'default', 'invocation_command': 'dbt run', 'target_path': 'None', 'static_parser': 'True', 'send_anonymous_usage_stats': 'True'}
[0m11:08:03.456149 [debug] [MainThread]: Sending event: {'category': 'dbt', 'action': 'project_id', 'label': '8ad121b3-a1c0-4fbd-9390-891da7a2eba0', 'context': [<snowplow_tracker.self_describing_json.SelfDescribingJson object at 0x0000023C76FAB100>]}
[0m11:08:03.510499 [debug] [MainThread]: Sending event: {'category': 'dbt', 'action': 'adapter_info', 'label': '8ad121b3-a1c0-4fbd-9390-891da7a2eba0', 'context': [<snowplow_tracker.self_describing_json.SelfDescribingJson object at 0x0000023C76EF05A0>]}
[0m11:08:03.511192 [info ] [MainThread]: Registered adapter: bigquery=1.9.1
[0m11:08:03.939241 [debug] [MainThread]: checksum: b5597158181700c50f5bc1c71fe28b37a6fb85633dc5323885263678b6bc782c, vars: {}, profile: , target: , version: 1.9.4
[0m11:08:03.940182 [info ] [MainThread]: Unable to do partial parsing because saved manifest not found. Starting full parse.
[0m11:08:03.940674 [debug] [MainThread]: Sending event: {'category': 'dbt', 'action': 'partial_parser', 'label': '8ad121b3-a1c0-4fbd-9390-891da7a2eba0', 'context': [<snowplow_tracker.self_describing_json.SelfDescribingJson object at 0x0000023C76E86D50>]}
[0m11:08:06.100841 [warn ] [MainThread]: [[33mWARNING[0m]: Did not find matching node for patch with name 'my_first_dbt_model' in the 'models' section of file 'models\example\schema.yml'
[0m11:08:06.102182 [warn ] [MainThread]: [[33mWARNING[0m]: Did not find matching node for patch with name 'my_second_dbt_model' in the 'models' section of file 'models\example\schema.yml'
[0m11:08:06.195320 [error] [MainThread]: Encountered an error:
Compilation Error
  Model 'model.bg_nhanes_project.stg_health_data' (models\stg_health_data.sql) depends on a source named 'raw_health_data.raw_health_data' which was not found
[0m11:08:06.196605 [debug] [MainThread]: Command `dbt run` failed at 11:08:06.196488 after 4.35 seconds
[0m11:08:06.196938 [debug] [MainThread]: Sending event: {'category': 'dbt', 'action': 'invocation', 'label': 'end', 'context': [<snowplow_tracker.self_describing_json.SelfDescribingJson object at 0x0000023C7726DB80>, <snowplow_tracker.self_describing_json.SelfDescribingJson object at 0x0000023C7726DC70>, <snowplow_tracker.self_describing_json.SelfDescribingJson object at 0x0000023C549F3CB0>]}
[0m11:08:06.197285 [debug] [MainThread]: Flushing usage events
[0m11:08:06.676603 [debug] [MainThread]: An error was encountered while trying to flush usage events
[0m11:11:53.596106 [debug] [MainThread]: Sending event: {'category': 'dbt', 'action': 'invocation', 'label': 'start', 'context': [<snowplow_tracker.self_describing_json.SelfDescribingJson object at 0x000001FB8370E900>, <snowplow_tracker.self_describing_json.SelfDescribingJson object at 0x000001FB843B96D0>, <snowplow_tracker.self_describing_json.SelfDescribingJson object at 0x000001FB843B9450>]}


============================== 11:11:53.600321 | c4223f80-e15d-4e6d-935c-06d3fe3f49b5 ==============================
[0m11:11:53.600321 [info ] [MainThread]: Running with dbt=1.9.4
[0m11:11:53.600956 [debug] [MainThread]: running dbt with arguments {'printer_width': '80', 'indirect_selection': 'eager', 'write_json': 'True', 'log_cache_events': 'False', 'partial_parse': 'True', 'cache_selected_only': 'False', 'warn_error': 'None', 'version_check': 'True', 'debug': 'False', 'log_path': 'C:\\Users\\Bruno Guerreiro\\Documents\\code-projects\\gcp-biomarkers\\bg_nhanes_project\\logs', 'profiles_dir': 'C:\\Users\\Bruno Guerreiro\\.dbt', 'fail_fast': 'False', 'use_colors': 'True', 'use_experimental_parser': 'False', 'no_print': 'None', 'quiet': 'False', 'empty': 'False', 'warn_error_options': 'WarnErrorOptions(include=[], exclude=[])', 'invocation_command': 'dbt run', 'static_parser': 'True', 'introspect': 'True', 'target_path': 'None', 'log_format': 'default', 'send_anonymous_usage_stats': 'True'}
[0m11:11:54.667645 [debug] [MainThread]: Sending event: {'category': 'dbt', 'action': 'project_id', 'label': 'c4223f80-e15d-4e6d-935c-06d3fe3f49b5', 'context': [<snowplow_tracker.self_describing_json.SelfDescribingJson object at 0x000001FBA6C8F100>]}
[0m11:11:54.721569 [debug] [MainThread]: Sending event: {'category': 'dbt', 'action': 'adapter_info', 'label': 'c4223f80-e15d-4e6d-935c-06d3fe3f49b5', 'context': [<snowplow_tracker.self_describing_json.SelfDescribingJson object at 0x000001FBA6BD05A0>]}
[0m11:11:54.722207 [info ] [MainThread]: Registered adapter: bigquery=1.9.1
[0m11:11:55.123829 [debug] [MainThread]: checksum: b5597158181700c50f5bc1c71fe28b37a6fb85633dc5323885263678b6bc782c, vars: {}, profile: , target: , version: 1.9.4
[0m11:11:55.124719 [info ] [MainThread]: Unable to do partial parsing because saved manifest not found. Starting full parse.
[0m11:11:55.125207 [debug] [MainThread]: Sending event: {'category': 'dbt', 'action': 'partial_parser', 'label': 'c4223f80-e15d-4e6d-935c-06d3fe3f49b5', 'context': [<snowplow_tracker.self_describing_json.SelfDescribingJson object at 0x000001FBA6B62D50>]}
[0m11:11:56.170598 [warn ] [MainThread]: [[33mWARNING[0m]: Did not find matching node for patch with name 'my_first_dbt_model' in the 'models' section of file 'models\example\schema.yml'
[0m11:11:56.171798 [warn ] [MainThread]: [[33mWARNING[0m]: Did not find matching node for patch with name 'my_second_dbt_model' in the 'models' section of file 'models\example\schema.yml'
[0m11:11:56.178038 [error] [MainThread]: Encountered an error:
Compilation Error
  Model 'model.bg_nhanes_project.stg_health_data' (models\cdc_nhanes\stg_health_data.sql) depends on a source named 'raw_health_data.raw_health_data' which was not found
[0m11:11:56.179194 [debug] [MainThread]: Command `dbt run` failed at 11:11:56.179057 after 2.72 seconds
[0m11:11:56.179535 [debug] [MainThread]: Sending event: {'category': 'dbt', 'action': 'invocation', 'label': 'end', 'context': [<snowplow_tracker.self_describing_json.SelfDescribingJson object at 0x000001FBA6F53C50>, <snowplow_tracker.self_describing_json.SelfDescribingJson object at 0x000001FBA6F53D40>, <snowplow_tracker.self_describing_json.SelfDescribingJson object at 0x000001FB846E3CB0>]}
[0m11:11:56.179868 [debug] [MainThread]: Flushing usage events
[0m11:11:56.686413 [debug] [MainThread]: An error was encountered while trying to flush usage events
[0m11:12:56.500705 [debug] [MainThread]: Sending event: {'category': 'dbt', 'action': 'invocation', 'label': 'start', 'context': [<snowplow_tracker.self_describing_json.SelfDescribingJson object at 0x0000023FA6E22900>, <snowplow_tracker.self_describing_json.SelfDescribingJson object at 0x0000023FA7AE56D0>, <snowplow_tracker.self_describing_json.SelfDescribingJson object at 0x0000023FA7AE5450>]}


============================== 11:12:56.504917 | 29ef914c-a19d-406d-937d-39d6f7113b2a ==============================
[0m11:12:56.504917 [info ] [MainThread]: Running with dbt=1.9.4
[0m11:12:56.505710 [debug] [MainThread]: running dbt with arguments {'printer_width': '80', 'indirect_selection': 'eager', 'write_json': 'True', 'log_cache_events': 'False', 'partial_parse': 'True', 'cache_selected_only': 'False', 'warn_error': 'None', 'debug': 'False', 'version_check': 'True', 'log_path': 'C:\\Users\\Bruno Guerreiro\\Documents\\code-projects\\gcp-biomarkers\\bg_nhanes_project\\logs', 'fail_fast': 'False', 'profiles_dir': 'C:\\Users\\Bruno Guerreiro\\.dbt', 'use_colors': 'True', 'use_experimental_parser': 'False', 'empty': 'False', 'quiet': 'False', 'no_print': 'None', 'warn_error_options': 'WarnErrorOptions(include=[], exclude=[])', 'introspect': 'True', 'static_parser': 'True', 'log_format': 'default', 'target_path': 'None', 'invocation_command': 'dbt run', 'send_anonymous_usage_stats': 'True'}
[0m11:12:57.467664 [debug] [MainThread]: Sending event: {'category': 'dbt', 'action': 'project_id', 'label': '29ef914c-a19d-406d-937d-39d6f7113b2a', 'context': [<snowplow_tracker.self_describing_json.SelfDescribingJson object at 0x0000023FCA3BF100>]}
[0m11:12:57.520746 [debug] [MainThread]: Sending event: {'category': 'dbt', 'action': 'adapter_info', 'label': '29ef914c-a19d-406d-937d-39d6f7113b2a', 'context': [<snowplow_tracker.self_describing_json.SelfDescribingJson object at 0x0000023FCA3005A0>]}
[0m11:12:57.521373 [info ] [MainThread]: Registered adapter: bigquery=1.9.1
[0m11:12:57.917005 [debug] [MainThread]: checksum: b5597158181700c50f5bc1c71fe28b37a6fb85633dc5323885263678b6bc782c, vars: {}, profile: , target: , version: 1.9.4
[0m11:12:57.917913 [info ] [MainThread]: Unable to do partial parsing because saved manifest not found. Starting full parse.
[0m11:12:57.918466 [debug] [MainThread]: Sending event: {'category': 'dbt', 'action': 'partial_parser', 'label': '29ef914c-a19d-406d-937d-39d6f7113b2a', 'context': [<snowplow_tracker.self_describing_json.SelfDescribingJson object at 0x0000023FCA296D50>]}
[0m11:12:58.989241 [warn ] [MainThread]: [[33mWARNING[0m]: Did not find matching node for patch with name 'my_first_dbt_model' in the 'models' section of file 'models\example\schema.yml'
[0m11:12:58.990913 [warn ] [MainThread]: [[33mWARNING[0m]: Did not find matching node for patch with name 'my_second_dbt_model' in the 'models' section of file 'models\example\schema.yml'
[0m11:12:59.000347 [error] [MainThread]: Encountered an error:
Compilation Error
  Model 'model.bg_nhanes_project.stg_health_data' (models\cdc_nhanes\stg_health_data.sql) depends on a source named 'longevity_analysis.raw_health_data' which was not found
[0m11:12:59.002022 [debug] [MainThread]: Command `dbt run` failed at 11:12:59.001812 after 2.61 seconds
[0m11:12:59.002633 [debug] [MainThread]: Sending event: {'category': 'dbt', 'action': 'invocation', 'label': 'end', 'context': [<snowplow_tracker.self_describing_json.SelfDescribingJson object at 0x0000023FCA683D40>, <snowplow_tracker.self_describing_json.SelfDescribingJson object at 0x0000023FCA683E30>, <snowplow_tracker.self_describing_json.SelfDescribingJson object at 0x0000023FA7E13CB0>]}
[0m11:12:59.003207 [debug] [MainThread]: Flushing usage events
[0m11:12:59.540791 [debug] [MainThread]: An error was encountered while trying to flush usage events
[0m11:13:29.498822 [debug] [MainThread]: Sending event: {'category': 'dbt', 'action': 'invocation', 'label': 'start', 'context': [<snowplow_tracker.self_describing_json.SelfDescribingJson object at 0x000001BDE4452900>, <snowplow_tracker.self_describing_json.SelfDescribingJson object at 0x000001BDE51256D0>, <snowplow_tracker.self_describing_json.SelfDescribingJson object at 0x000001BDE5125450>]}


============================== 11:13:29.504362 | c7f98684-8c86-4529-8332-bed6e8804503 ==============================
[0m11:13:29.504362 [info ] [MainThread]: Running with dbt=1.9.4
[0m11:13:29.505160 [debug] [MainThread]: running dbt with arguments {'printer_width': '80', 'indirect_selection': 'eager', 'write_json': 'True', 'log_cache_events': 'False', 'partial_parse': 'True', 'cache_selected_only': 'False', 'profiles_dir': 'C:\\Users\\Bruno Guerreiro\\.dbt', 'version_check': 'True', 'warn_error': 'None', 'log_path': 'C:\\Users\\Bruno Guerreiro\\Documents\\code-projects\\gcp-biomarkers\\bg_nhanes_project\\logs', 'debug': 'False', 'fail_fast': 'False', 'use_colors': 'True', 'use_experimental_parser': 'False', 'no_print': 'None', 'quiet': 'False', 'empty': 'False', 'warn_error_options': 'WarnErrorOptions(include=[], exclude=[])', 'introspect': 'True', 'invocation_command': 'dbt run', 'static_parser': 'True', 'target_path': 'None', 'log_format': 'default', 'send_anonymous_usage_stats': 'True'}
[0m11:13:30.858052 [debug] [MainThread]: Sending event: {'category': 'dbt', 'action': 'project_id', 'label': 'c7f98684-8c86-4529-8332-bed6e8804503', 'context': [<snowplow_tracker.self_describing_json.SelfDescribingJson object at 0x000001BD88A8F100>]}
[0m11:13:30.912099 [debug] [MainThread]: Sending event: {'category': 'dbt', 'action': 'adapter_info', 'label': 'c7f98684-8c86-4529-8332-bed6e8804503', 'context': [<snowplow_tracker.self_describing_json.SelfDescribingJson object at 0x000001BD889D05A0>]}
[0m11:13:30.912739 [info ] [MainThread]: Registered adapter: bigquery=1.9.1
[0m11:13:31.320526 [debug] [MainThread]: checksum: b5597158181700c50f5bc1c71fe28b37a6fb85633dc5323885263678b6bc782c, vars: {}, profile: , target: , version: 1.9.4
[0m11:13:31.321546 [info ] [MainThread]: Unable to do partial parsing because saved manifest not found. Starting full parse.
[0m11:13:31.322085 [debug] [MainThread]: Sending event: {'category': 'dbt', 'action': 'partial_parser', 'label': 'c7f98684-8c86-4529-8332-bed6e8804503', 'context': [<snowplow_tracker.self_describing_json.SelfDescribingJson object at 0x000001BD88962D50>]}
[0m11:13:32.500900 [warn ] [MainThread]: [[33mWARNING[0m]: Did not find matching node for patch with name 'my_first_dbt_model' in the 'models' section of file 'models\example\schema.yml'
[0m11:13:32.502249 [warn ] [MainThread]: [[33mWARNING[0m]: Did not find matching node for patch with name 'my_second_dbt_model' in the 'models' section of file 'models\example\schema.yml'
[0m11:13:32.508855 [error] [MainThread]: Encountered an error:
Compilation Error
  Model 'model.bg_nhanes_project.stg_health_data' (models\cdc_nhanes\stg_health_data.sql) depends on a source named 'raw.raw_health_data' which was not found
[0m11:13:32.510163 [debug] [MainThread]: Command `dbt run` failed at 11:13:32.510037 after 3.12 seconds
[0m11:13:32.510490 [debug] [MainThread]: Sending event: {'category': 'dbt', 'action': 'invocation', 'label': 'end', 'context': [<snowplow_tracker.self_describing_json.SelfDescribingJson object at 0x000001BD88D53C50>, <snowplow_tracker.self_describing_json.SelfDescribingJson object at 0x000001BD88D53D40>, <snowplow_tracker.self_describing_json.SelfDescribingJson object at 0x000001BDE5453CB0>]}
[0m11:13:32.510820 [debug] [MainThread]: Flushing usage events
[0m11:13:33.015696 [debug] [MainThread]: An error was encountered while trying to flush usage events
[0m11:15:19.421108 [debug] [MainThread]: Sending event: {'category': 'dbt', 'action': 'invocation', 'label': 'start', 'context': [<snowplow_tracker.self_describing_json.SelfDescribingJson object at 0x00000252A61E2900>, <snowplow_tracker.self_describing_json.SelfDescribingJson object at 0x00000252A6EB56D0>, <snowplow_tracker.self_describing_json.SelfDescribingJson object at 0x00000252A6EB5450>]}


============================== 11:15:19.426040 | 46a0be0f-95fd-4c29-b0b2-63fbd8298c4a ==============================
[0m11:15:19.426040 [info ] [MainThread]: Running with dbt=1.9.4
[0m11:15:19.426668 [debug] [MainThread]: running dbt with arguments {'printer_width': '80', 'indirect_selection': 'eager', 'log_cache_events': 'False', 'write_json': 'True', 'partial_parse': 'True', 'cache_selected_only': 'False', 'profiles_dir': 'C:\\Users\\Bruno Guerreiro\\.dbt', 'debug': 'False', 'warn_error': 'None', 'log_path': 'C:\\Users\\Bruno Guerreiro\\Documents\\code-projects\\gcp-biomarkers\\bg_nhanes_project\\logs', 'fail_fast': 'False', 'version_check': 'True', 'use_colors': 'True', 'use_experimental_parser': 'False', 'empty': 'False', 'quiet': 'False', 'no_print': 'None', 'log_format': 'default', 'introspect': 'True', 'warn_error_options': 'WarnErrorOptions(include=[], exclude=[])', 'invocation_command': 'dbt run', 'target_path': 'None', 'static_parser': 'True', 'send_anonymous_usage_stats': 'True'}
[0m11:15:20.791262 [debug] [MainThread]: Sending event: {'category': 'dbt', 'action': 'project_id', 'label': '46a0be0f-95fd-4c29-b0b2-63fbd8298c4a', 'context': [<snowplow_tracker.self_describing_json.SelfDescribingJson object at 0x00000252C97CB100>]}
[0m11:15:20.844443 [debug] [MainThread]: Sending event: {'category': 'dbt', 'action': 'adapter_info', 'label': '46a0be0f-95fd-4c29-b0b2-63fbd8298c4a', 'context': [<snowplow_tracker.self_describing_json.SelfDescribingJson object at 0x00000252C97105A0>]}
[0m11:15:20.845086 [info ] [MainThread]: Registered adapter: bigquery=1.9.1
[0m11:15:21.256373 [debug] [MainThread]: checksum: b5597158181700c50f5bc1c71fe28b37a6fb85633dc5323885263678b6bc782c, vars: {}, profile: , target: , version: 1.9.4
[0m11:15:21.257238 [info ] [MainThread]: Unable to do partial parsing because saved manifest not found. Starting full parse.
[0m11:15:21.257725 [debug] [MainThread]: Sending event: {'category': 'dbt', 'action': 'partial_parser', 'label': '46a0be0f-95fd-4c29-b0b2-63fbd8298c4a', 'context': [<snowplow_tracker.self_describing_json.SelfDescribingJson object at 0x00000252C96A2D50>]}
[0m11:15:22.323628 [warn ] [MainThread]: [[33mWARNING[0m]: Did not find matching node for patch with name 'my_first_dbt_model' in the 'models' section of file 'models\example\schema.yml'
[0m11:15:22.324963 [warn ] [MainThread]: [[33mWARNING[0m]: Did not find matching node for patch with name 'my_second_dbt_model' in the 'models' section of file 'models\example\schema.yml'
[0m11:15:22.331442 [error] [MainThread]: Encountered an error:
Compilation Error
  Model 'model.bg_nhanes_project.stg_health_data' (models\cdc_nhanes\stg_health_data.sql) depends on a source named 'raw.raw_health_data' which was not found
[0m11:15:22.332576 [debug] [MainThread]: Command `dbt run` failed at 11:15:22.332450 after 3.07 seconds
[0m11:15:22.332954 [debug] [MainThread]: Sending event: {'category': 'dbt', 'action': 'invocation', 'label': 'end', 'context': [<snowplow_tracker.self_describing_json.SelfDescribingJson object at 0x00000252C9A8BC50>, <snowplow_tracker.self_describing_json.SelfDescribingJson object at 0x00000252C9A8BD40>, <snowplow_tracker.self_describing_json.SelfDescribingJson object at 0x00000252A71E3CB0>]}
[0m11:15:22.333300 [debug] [MainThread]: Flushing usage events
[0m11:15:22.871273 [debug] [MainThread]: An error was encountered while trying to flush usage events
[0m11:16:05.680085 [debug] [MainThread]: Sending event: {'category': 'dbt', 'action': 'invocation', 'label': 'start', 'context': [<snowplow_tracker.self_describing_json.SelfDescribingJson object at 0x0000025A6F962900>, <snowplow_tracker.self_describing_json.SelfDescribingJson object at 0x0000025A706356D0>, <snowplow_tracker.self_describing_json.SelfDescribingJson object at 0x0000025A70635450>]}


============================== 11:16:05.684514 | 8a866f9f-1a54-49ec-8731-6e3b16c0fd3d ==============================
[0m11:16:05.684514 [info ] [MainThread]: Running with dbt=1.9.4
[0m11:16:05.685143 [debug] [MainThread]: running dbt with arguments {'printer_width': '80', 'indirect_selection': 'eager', 'write_json': 'True', 'log_cache_events': 'False', 'partial_parse': 'True', 'cache_selected_only': 'False', 'profiles_dir': 'C:\\Users\\Bruno Guerreiro\\.dbt', 'fail_fast': 'False', 'version_check': 'True', 'log_path': 'C:\\Users\\Bruno Guerreiro\\Documents\\code-projects\\gcp-biomarkers\\bg_nhanes_project\\logs', 'debug': 'False', 'warn_error': 'None', 'use_colors': 'True', 'use_experimental_parser': 'False', 'no_print': 'None', 'quiet': 'False', 'empty': 'False', 'log_format': 'default', 'introspect': 'True', 'invocation_command': 'dbt run', 'static_parser': 'True', 'target_path': 'None', 'warn_error_options': 'WarnErrorOptions(include=[], exclude=[])', 'send_anonymous_usage_stats': 'True'}
[0m11:16:06.827184 [debug] [MainThread]: Sending event: {'category': 'dbt', 'action': 'project_id', 'label': '8a866f9f-1a54-49ec-8731-6e3b16c0fd3d', 'context': [<snowplow_tracker.self_describing_json.SelfDescribingJson object at 0x0000025A7FF3B100>]}
[0m11:16:06.883312 [debug] [MainThread]: Sending event: {'category': 'dbt', 'action': 'adapter_info', 'label': '8a866f9f-1a54-49ec-8731-6e3b16c0fd3d', 'context': [<snowplow_tracker.self_describing_json.SelfDescribingJson object at 0x0000025A7FE805A0>]}
[0m11:16:06.883966 [info ] [MainThread]: Registered adapter: bigquery=1.9.1
[0m11:16:07.293157 [debug] [MainThread]: checksum: b5597158181700c50f5bc1c71fe28b37a6fb85633dc5323885263678b6bc782c, vars: {}, profile: , target: , version: 1.9.4
[0m11:16:07.294094 [info ] [MainThread]: Unable to do partial parsing because saved manifest not found. Starting full parse.
[0m11:16:07.294579 [debug] [MainThread]: Sending event: {'category': 'dbt', 'action': 'partial_parser', 'label': '8a866f9f-1a54-49ec-8731-6e3b16c0fd3d', 'context': [<snowplow_tracker.self_describing_json.SelfDescribingJson object at 0x0000025A7FE16D50>]}
[0m11:16:08.355683 [error] [MainThread]: Encountered an error:
Compilation Error
  Model 'model.bg_nhanes_project.stg_health_data' (models\cdc_nhanes\stg_health_data.sql) depends on a source named 'raw.raw_health_data' which was not found
[0m11:16:08.356946 [debug] [MainThread]: Command `dbt run` failed at 11:16:08.356827 after 2.78 seconds
[0m11:16:08.357277 [debug] [MainThread]: Sending event: {'category': 'dbt', 'action': 'invocation', 'label': 'end', 'context': [<snowplow_tracker.self_describing_json.SelfDescribingJson object at 0x0000025A1323DC70>, <snowplow_tracker.self_describing_json.SelfDescribingJson object at 0x0000025A1323DB80>, <snowplow_tracker.self_describing_json.SelfDescribingJson object at 0x0000025A70963CB0>]}
[0m11:16:08.357637 [debug] [MainThread]: Flushing usage events
[0m11:16:08.827515 [debug] [MainThread]: An error was encountered while trying to flush usage events
[0m11:17:52.130573 [debug] [MainThread]: Sending event: {'category': 'dbt', 'action': 'invocation', 'label': 'start', 'context': [<snowplow_tracker.self_describing_json.SelfDescribingJson object at 0x000001E19883E900>, <snowplow_tracker.self_describing_json.SelfDescribingJson object at 0x000001E1994E96D0>, <snowplow_tracker.self_describing_json.SelfDescribingJson object at 0x000001E1994E9450>]}


============================== 11:17:52.134403 | 2bc890b7-e6a9-4e92-8853-0ef539da2ce7 ==============================
[0m11:17:52.134403 [info ] [MainThread]: Running with dbt=1.9.4
[0m11:17:52.134985 [debug] [MainThread]: running dbt with arguments {'printer_width': '80', 'indirect_selection': 'eager', 'log_cache_events': 'False', 'write_json': 'True', 'partial_parse': 'True', 'cache_selected_only': 'False', 'profiles_dir': 'C:\\Users\\Bruno Guerreiro\\.dbt', 'version_check': 'True', 'warn_error': 'None', 'log_path': 'C:\\Users\\Bruno Guerreiro\\Documents\\code-projects\\gcp-biomarkers\\bg_nhanes_project\\logs', 'fail_fast': 'False', 'debug': 'False', 'use_colors': 'True', 'use_experimental_parser': 'False', 'empty': 'False', 'quiet': 'False', 'no_print': 'None', 'warn_error_options': 'WarnErrorOptions(include=[], exclude=[])', 'introspect': 'True', 'static_parser': 'True', 'invocation_command': 'dbt run', 'target_path': 'None', 'log_format': 'default', 'send_anonymous_usage_stats': 'True'}
[0m11:17:53.077654 [error] [MainThread]: Encountered an error:
Runtime Error
  at path []: Additional properties are not allowed ('bg_nhanes_project' was unexpected)

Error encountered in C:\Users\Bruno Guerreiro\Documents\code-projects\gcp-biomarkers\bg_nhanes_project\dbt_project.yml
[0m11:17:53.078940 [debug] [MainThread]: Command `dbt run` failed at 11:17:53.078815 after 1.09 seconds
[0m11:17:53.079291 [debug] [MainThread]: Sending event: {'category': 'dbt', 'action': 'invocation', 'label': 'end', 'context': [<snowplow_tracker.self_describing_json.SelfDescribingJson object at 0x000001E1BBDCE650>, <snowplow_tracker.self_describing_json.SelfDescribingJson object at 0x000001E1BBE09B50>, <snowplow_tracker.self_describing_json.SelfDescribingJson object at 0x000001E1BBD10E20>]}
[0m11:17:53.079674 [debug] [MainThread]: Flushing usage events
[0m11:17:53.634446 [debug] [MainThread]: An error was encountered while trying to flush usage events
[0m11:18:38.029517 [debug] [MainThread]: Sending event: {'category': 'dbt', 'action': 'invocation', 'label': 'start', 'context': [<snowplow_tracker.self_describing_json.SelfDescribingJson object at 0x00000279DE076900>, <snowplow_tracker.self_describing_json.SelfDescribingJson object at 0x00000279DED496D0>, <snowplow_tracker.self_describing_json.SelfDescribingJson object at 0x00000279DED49450>]}


============================== 11:18:38.033343 | 0af0eeb1-607b-433d-a9b0-b9cc2c0a2272 ==============================
[0m11:18:38.033343 [info ] [MainThread]: Running with dbt=1.9.4
[0m11:18:38.033913 [debug] [MainThread]: running dbt with arguments {'printer_width': '80', 'indirect_selection': 'eager', 'write_json': 'True', 'log_cache_events': 'False', 'partial_parse': 'True', 'cache_selected_only': 'False', 'warn_error': 'None', 'debug': 'False', 'fail_fast': 'False', 'log_path': 'C:\\Users\\Bruno Guerreiro\\Documents\\code-projects\\gcp-biomarkers\\bg_nhanes_project\\logs', 'version_check': 'True', 'profiles_dir': 'C:\\Users\\Bruno Guerreiro\\.dbt', 'use_colors': 'True', 'use_experimental_parser': 'False', 'empty': 'False', 'quiet': 'False', 'no_print': 'None', 'log_format': 'default', 'invocation_command': 'dbt run', 'introspect': 'True', 'static_parser': 'True', 'target_path': 'None', 'warn_error_options': 'WarnErrorOptions(include=[], exclude=[])', 'send_anonymous_usage_stats': 'True'}
[0m11:18:39.061239 [debug] [MainThread]: Sending event: {'category': 'dbt', 'action': 'project_id', 'label': '0af0eeb1-607b-433d-a9b0-b9cc2c0a2272', 'context': [<snowplow_tracker.self_describing_json.SelfDescribingJson object at 0x000002798167F100>]}
[0m11:18:39.115794 [debug] [MainThread]: Sending event: {'category': 'dbt', 'action': 'adapter_info', 'label': '0af0eeb1-607b-433d-a9b0-b9cc2c0a2272', 'context': [<snowplow_tracker.self_describing_json.SelfDescribingJson object at 0x00000279815C05A0>]}
[0m11:18:39.116435 [info ] [MainThread]: Registered adapter: bigquery=1.9.1
[0m11:18:39.513388 [debug] [MainThread]: checksum: b5597158181700c50f5bc1c71fe28b37a6fb85633dc5323885263678b6bc782c, vars: {}, profile: , target: , version: 1.9.4
[0m11:18:39.514273 [info ] [MainThread]: Unable to do partial parsing because saved manifest not found. Starting full parse.
[0m11:18:39.514807 [debug] [MainThread]: Sending event: {'category': 'dbt', 'action': 'partial_parser', 'label': '0af0eeb1-607b-433d-a9b0-b9cc2c0a2272', 'context': [<snowplow_tracker.self_describing_json.SelfDescribingJson object at 0x0000027981552D50>]}
[0m11:18:40.550247 [error] [MainThread]: Encountered an error:
Compilation Error
  Model 'model.bg_nhanes_project.stg_health_data' (models\cdc_nhanes\stg_health_data.sql) depends on a source named 'raw.raw_health_data' which was not found
[0m11:18:40.551479 [debug] [MainThread]: Command `dbt run` failed at 11:18:40.551367 after 2.62 seconds
[0m11:18:40.551828 [debug] [MainThread]: Sending event: {'category': 'dbt', 'action': 'invocation', 'label': 'end', 'context': [<snowplow_tracker.self_describing_json.SelfDescribingJson object at 0x000002798193DB80>, <snowplow_tracker.self_describing_json.SelfDescribingJson object at 0x000002798193DA90>, <snowplow_tracker.self_describing_json.SelfDescribingJson object at 0x00000279DF06FCB0>]}
[0m11:18:40.552152 [debug] [MainThread]: Flushing usage events
[0m11:18:41.020429 [debug] [MainThread]: An error was encountered while trying to flush usage events
[0m11:23:33.073696 [debug] [MainThread]: Sending event: {'category': 'dbt', 'action': 'invocation', 'label': 'start', 'context': [<snowplow_tracker.self_describing_json.SelfDescribingJson object at 0x000002783B702900>, <snowplow_tracker.self_describing_json.SelfDescribingJson object at 0x000002783C3D56D0>, <snowplow_tracker.self_describing_json.SelfDescribingJson object at 0x000002783C3D5450>]}


============================== 11:23:33.078183 | 519f3c82-8535-408d-bae6-4867483bbf99 ==============================
[0m11:23:33.078183 [info ] [MainThread]: Running with dbt=1.9.4
[0m11:23:33.078773 [debug] [MainThread]: running dbt with arguments {'printer_width': '80', 'indirect_selection': 'eager', 'write_json': 'True', 'log_cache_events': 'False', 'partial_parse': 'True', 'cache_selected_only': 'False', 'profiles_dir': 'C:\\Users\\Bruno Guerreiro\\.dbt', 'debug': 'False', 'warn_error': 'None', 'log_path': 'C:\\Users\\Bruno Guerreiro\\Documents\\code-projects\\gcp-biomarkers\\bg_nhanes_project\\logs', 'version_check': 'True', 'fail_fast': 'False', 'use_colors': 'True', 'use_experimental_parser': 'False', 'no_print': 'None', 'quiet': 'False', 'empty': 'False', 'log_format': 'default', 'invocation_command': 'dbt run', 'introspect': 'True', 'static_parser': 'True', 'target_path': 'None', 'warn_error_options': 'WarnErrorOptions(include=[], exclude=[])', 'send_anonymous_usage_stats': 'True'}
[0m11:23:34.510128 [debug] [MainThread]: Sending event: {'category': 'dbt', 'action': 'project_id', 'label': '519f3c82-8535-408d-bae6-4867483bbf99', 'context': [<snowplow_tracker.self_describing_json.SelfDescribingJson object at 0x000002785EC9B100>]}
[0m11:23:34.563230 [debug] [MainThread]: Sending event: {'category': 'dbt', 'action': 'adapter_info', 'label': '519f3c82-8535-408d-bae6-4867483bbf99', 'context': [<snowplow_tracker.self_describing_json.SelfDescribingJson object at 0x000002785EBE05A0>]}
[0m11:23:34.563917 [info ] [MainThread]: Registered adapter: bigquery=1.9.1
[0m11:23:34.990294 [debug] [MainThread]: checksum: b5597158181700c50f5bc1c71fe28b37a6fb85633dc5323885263678b6bc782c, vars: {}, profile: , target: , version: 1.9.4
[0m11:23:34.991203 [info ] [MainThread]: Unable to do partial parsing because saved manifest not found. Starting full parse.
[0m11:23:34.991673 [debug] [MainThread]: Sending event: {'category': 'dbt', 'action': 'partial_parser', 'label': '519f3c82-8535-408d-bae6-4867483bbf99', 'context': [<snowplow_tracker.self_describing_json.SelfDescribingJson object at 0x000002785EB76D50>]}
[0m11:23:36.086996 [error] [MainThread]: Encountered an error:
Compilation Error
  Model 'model.bg_nhanes_project.stg_health_data' (models\cdc_nhanes\stg_health_data.sql) depends on a source named 'raw.raw_health_data' which was not found
[0m11:23:36.088208 [debug] [MainThread]: Command `dbt run` failed at 11:23:36.088075 after 3.17 seconds
[0m11:23:36.088544 [debug] [MainThread]: Sending event: {'category': 'dbt', 'action': 'invocation', 'label': 'end', 'context': [<snowplow_tracker.self_describing_json.SelfDescribingJson object at 0x000002785EF5DC70>, <snowplow_tracker.self_describing_json.SelfDescribingJson object at 0x000002785EF5DB80>, <snowplow_tracker.self_describing_json.SelfDescribingJson object at 0x000002783C703CB0>]}
[0m11:23:36.088871 [debug] [MainThread]: Flushing usage events
[0m11:23:36.586511 [debug] [MainThread]: An error was encountered while trying to flush usage events
[0m11:25:25.834126 [debug] [MainThread]: Sending event: {'category': 'dbt', 'action': 'invocation', 'label': 'start', 'context': [<snowplow_tracker.self_describing_json.SelfDescribingJson object at 0x000002893A562900>, <snowplow_tracker.self_describing_json.SelfDescribingJson object at 0x000002893B2296D0>, <snowplow_tracker.self_describing_json.SelfDescribingJson object at 0x000002893B229450>]}


============================== 11:25:25.838837 | 03dcf47e-3572-4494-8688-a7689e3ad7be ==============================
[0m11:25:25.838837 [info ] [MainThread]: Running with dbt=1.9.4
[0m11:25:25.839444 [debug] [MainThread]: running dbt with arguments {'printer_width': '80', 'indirect_selection': 'eager', 'log_cache_events': 'False', 'write_json': 'True', 'partial_parse': 'True', 'cache_selected_only': 'False', 'profiles_dir': 'C:\\Users\\Bruno Guerreiro\\.dbt', 'debug': 'False', 'warn_error': 'None', 'log_path': 'C:\\Users\\Bruno Guerreiro\\Documents\\code-projects\\gcp-biomarkers\\bg_nhanes_project\\logs', 'version_check': 'True', 'fail_fast': 'False', 'use_colors': 'True', 'use_experimental_parser': 'False', 'no_print': 'None', 'quiet': 'False', 'empty': 'False', 'log_format': 'default', 'static_parser': 'True', 'warn_error_options': 'WarnErrorOptions(include=[], exclude=[])', 'introspect': 'True', 'target_path': 'None', 'invocation_command': 'dbt run', 'send_anonymous_usage_stats': 'True'}
[0m11:25:27.192380 [debug] [MainThread]: Sending event: {'category': 'dbt', 'action': 'project_id', 'label': '03dcf47e-3572-4494-8688-a7689e3ad7be', 'context': [<snowplow_tracker.self_describing_json.SelfDescribingJson object at 0x000002895DAFF100>]}
[0m11:25:27.245985 [debug] [MainThread]: Sending event: {'category': 'dbt', 'action': 'adapter_info', 'label': '03dcf47e-3572-4494-8688-a7689e3ad7be', 'context': [<snowplow_tracker.self_describing_json.SelfDescribingJson object at 0x000002895DA405A0>]}
[0m11:25:27.246654 [info ] [MainThread]: Registered adapter: bigquery=1.9.1
[0m11:25:27.648799 [debug] [MainThread]: checksum: b5597158181700c50f5bc1c71fe28b37a6fb85633dc5323885263678b6bc782c, vars: {}, profile: , target: , version: 1.9.4
[0m11:25:27.649681 [info ] [MainThread]: Unable to do partial parsing because saved manifest not found. Starting full parse.
[0m11:25:27.650173 [debug] [MainThread]: Sending event: {'category': 'dbt', 'action': 'partial_parser', 'label': '03dcf47e-3572-4494-8688-a7689e3ad7be', 'context': [<snowplow_tracker.self_describing_json.SelfDescribingJson object at 0x000002895D9D2D50>]}
[0m11:25:28.753494 [error] [MainThread]: Encountered an error:
Compilation Error
  Model 'model.bg_nhanes_project.stg_health_data' (models\cdc_nhanes\stg_health_data.sql) depends on a source named 'raw.raw_health_data' which was not found
[0m11:25:28.754757 [debug] [MainThread]: Command `dbt run` failed at 11:25:28.754628 after 3.03 seconds
[0m11:25:28.755128 [debug] [MainThread]: Sending event: {'category': 'dbt', 'action': 'invocation', 'label': 'end', 'context': [<snowplow_tracker.self_describing_json.SelfDescribingJson object at 0x000002895DDBDC70>, <snowplow_tracker.self_describing_json.SelfDescribingJson object at 0x000002895DDBDB80>, <snowplow_tracker.self_describing_json.SelfDescribingJson object at 0x000002893B553CB0>]}
[0m11:25:28.755483 [debug] [MainThread]: Flushing usage events
[0m11:25:29.248997 [debug] [MainThread]: An error was encountered while trying to flush usage events
[0m11:29:41.856846 [debug] [MainThread]: Sending event: {'category': 'dbt', 'action': 'invocation', 'label': 'start', 'context': [<snowplow_tracker.self_describing_json.SelfDescribingJson object at 0x000002601C252900>, <snowplow_tracker.self_describing_json.SelfDescribingJson object at 0x000002601CF196D0>, <snowplow_tracker.self_describing_json.SelfDescribingJson object at 0x000002601CF19450>]}


============================== 11:29:41.862429 | 3efb7916-c6ce-4956-b940-049ddf8a9dd5 ==============================
[0m11:29:41.862429 [info ] [MainThread]: Running with dbt=1.9.4
[0m11:29:41.863144 [debug] [MainThread]: running dbt with arguments {'printer_width': '80', 'indirect_selection': 'eager', 'log_cache_events': 'False', 'write_json': 'True', 'partial_parse': 'True', 'cache_selected_only': 'False', 'profiles_dir': 'C:\\Users\\Bruno Guerreiro\\.dbt', 'fail_fast': 'False', 'version_check': 'True', 'log_path': 'C:\\Users\\Bruno Guerreiro\\Documents\\code-projects\\gcp-biomarkers\\bg_nhanes_project\\logs', 'warn_error': 'None', 'debug': 'False', 'use_colors': 'True', 'use_experimental_parser': 'False', 'empty': 'False', 'quiet': 'False', 'no_print': 'None', 'warn_error_options': 'WarnErrorOptions(include=[], exclude=[])', 'invocation_command': 'dbt run', 'log_format': 'default', 'static_parser': 'True', 'target_path': 'None', 'introspect': 'True', 'send_anonymous_usage_stats': 'True'}
[0m11:29:43.302453 [debug] [MainThread]: Sending event: {'category': 'dbt', 'action': 'project_id', 'label': '3efb7916-c6ce-4956-b940-049ddf8a9dd5', 'context': [<snowplow_tracker.self_describing_json.SelfDescribingJson object at 0x000002603F7DF100>]}
[0m11:29:43.355308 [debug] [MainThread]: Sending event: {'category': 'dbt', 'action': 'adapter_info', 'label': '3efb7916-c6ce-4956-b940-049ddf8a9dd5', 'context': [<snowplow_tracker.self_describing_json.SelfDescribingJson object at 0x000002603F7205A0>]}
[0m11:29:43.355951 [info ] [MainThread]: Registered adapter: bigquery=1.9.1
[0m11:29:43.752454 [debug] [MainThread]: checksum: b5597158181700c50f5bc1c71fe28b37a6fb85633dc5323885263678b6bc782c, vars: {}, profile: , target: , version: 1.9.4
[0m11:29:43.753319 [info ] [MainThread]: Unable to do partial parsing because saved manifest not found. Starting full parse.
[0m11:29:43.753822 [debug] [MainThread]: Sending event: {'category': 'dbt', 'action': 'partial_parser', 'label': '3efb7916-c6ce-4956-b940-049ddf8a9dd5', 'context': [<snowplow_tracker.self_describing_json.SelfDescribingJson object at 0x000002603F6B2D50>]}
[0m11:29:44.998301 [error] [MainThread]: Encountered an error:
Compilation Error
  Model 'model.bg_nhanes_project.stg_health_data' (models\cdc_nhanes\stg_health_data.sql) depends on a source named 'raw.raw_health_data' which was not found
[0m11:29:44.999578 [debug] [MainThread]: Command `dbt run` failed at 11:29:44.999446 after 3.32 seconds
[0m11:29:44.999972 [debug] [MainThread]: Sending event: {'category': 'dbt', 'action': 'invocation', 'label': 'end', 'context': [<snowplow_tracker.self_describing_json.SelfDescribingJson object at 0x000002603FA9ED50>, <snowplow_tracker.self_describing_json.SelfDescribingJson object at 0x000002603FE4C050>, <snowplow_tracker.self_describing_json.SelfDescribingJson object at 0x000002601D243CB0>]}
[0m11:29:45.000358 [debug] [MainThread]: Flushing usage events
[0m11:29:45.534448 [debug] [MainThread]: An error was encountered while trying to flush usage events
[0m11:33:29.393150 [debug] [MainThread]: Sending event: {'category': 'dbt', 'action': 'invocation', 'label': 'start', 'context': [<snowplow_tracker.self_describing_json.SelfDescribingJson object at 0x0000018A47FE2900>, <snowplow_tracker.self_describing_json.SelfDescribingJson object at 0x0000018A48CA56D0>, <snowplow_tracker.self_describing_json.SelfDescribingJson object at 0x0000018A48CA5450>]}


============================== 11:33:29.397647 | a4ddb8a5-d473-4b27-84a0-99426647e760 ==============================
[0m11:33:29.397647 [info ] [MainThread]: Running with dbt=1.9.4
[0m11:33:29.398218 [debug] [MainThread]: running dbt with arguments {'printer_width': '80', 'indirect_selection': 'eager', 'write_json': 'True', 'log_cache_events': 'False', 'partial_parse': 'True', 'cache_selected_only': 'False', 'profiles_dir': 'C:\\Users\\Bruno Guerreiro\\.dbt', 'fail_fast': 'False', 'debug': 'False', 'log_path': 'C:\\Users\\Bruno Guerreiro\\Documents\\code-projects\\gcp-biomarkers\\bg_nhanes_project\\logs', 'warn_error': 'None', 'version_check': 'True', 'use_colors': 'True', 'use_experimental_parser': 'False', 'no_print': 'None', 'quiet': 'False', 'empty': 'False', 'warn_error_options': 'WarnErrorOptions(include=[], exclude=[])', 'invocation_command': 'dbt run', 'introspect': 'True', 'static_parser': 'True', 'target_path': 'None', 'log_format': 'default', 'send_anonymous_usage_stats': 'True'}
[0m11:33:30.798307 [debug] [MainThread]: Sending event: {'category': 'dbt', 'action': 'project_id', 'label': 'a4ddb8a5-d473-4b27-84a0-99426647e760', 'context': [<snowplow_tracker.self_describing_json.SelfDescribingJson object at 0x0000018A6B5CF100>]}
[0m11:33:30.857631 [debug] [MainThread]: Sending event: {'category': 'dbt', 'action': 'adapter_info', 'label': 'a4ddb8a5-d473-4b27-84a0-99426647e760', 'context': [<snowplow_tracker.self_describing_json.SelfDescribingJson object at 0x0000018A6B5105A0>]}
[0m11:33:30.858348 [info ] [MainThread]: Registered adapter: bigquery=1.9.1
[0m11:33:31.298827 [debug] [MainThread]: checksum: b5597158181700c50f5bc1c71fe28b37a6fb85633dc5323885263678b6bc782c, vars: {}, profile: , target: , version: 1.9.4
[0m11:33:31.299709 [info ] [MainThread]: Unable to do partial parsing because saved manifest not found. Starting full parse.
[0m11:33:31.300158 [debug] [MainThread]: Sending event: {'category': 'dbt', 'action': 'partial_parser', 'label': 'a4ddb8a5-d473-4b27-84a0-99426647e760', 'context': [<snowplow_tracker.self_describing_json.SelfDescribingJson object at 0x0000018A6B4A2D50>]}
[0m11:33:32.432077 [error] [MainThread]: Encountered an error:
Compilation Error
  Model 'model.bg_nhanes_project.stg_health_data' (models\cdc_nhanes\stg_health_data.sql) depends on a source named 'raw.raw_health_data' which was not found
[0m11:33:32.433300 [debug] [MainThread]: Command `dbt run` failed at 11:33:32.433173 after 3.20 seconds
[0m11:33:32.433670 [debug] [MainThread]: Sending event: {'category': 'dbt', 'action': 'invocation', 'label': 'end', 'context': [<snowplow_tracker.self_describing_json.SelfDescribingJson object at 0x0000018A6B85A8A0>, <snowplow_tracker.self_describing_json.SelfDescribingJson object at 0x0000018A6BC38230>, <snowplow_tracker.self_describing_json.SelfDescribingJson object at 0x0000018A48FD3CB0>]}
[0m11:33:32.433994 [debug] [MainThread]: Flushing usage events
[0m11:33:32.953110 [debug] [MainThread]: An error was encountered while trying to flush usage events
[0m11:36:51.117185 [debug] [MainThread]: Sending event: {'category': 'dbt', 'action': 'invocation', 'label': 'start', 'context': [<snowplow_tracker.self_describing_json.SelfDescribingJson object at 0x000002966BC62900>, <snowplow_tracker.self_describing_json.SelfDescribingJson object at 0x000002966C9256D0>, <snowplow_tracker.self_describing_json.SelfDescribingJson object at 0x000002966C925450>]}


============================== 11:36:51.121949 | a7d2d028-f2a0-4cd6-9366-0dee70d032a8 ==============================
[0m11:36:51.121949 [info ] [MainThread]: Running with dbt=1.9.4
[0m11:36:51.122603 [debug] [MainThread]: running dbt with arguments {'printer_width': '80', 'indirect_selection': 'eager', 'log_cache_events': 'False', 'write_json': 'True', 'partial_parse': 'True', 'cache_selected_only': 'False', 'profiles_dir': 'C:\\Users\\Bruno Guerreiro\\.dbt', 'version_check': 'True', 'debug': 'False', 'log_path': 'C:\\Users\\Bruno Guerreiro\\Documents\\code-projects\\gcp-biomarkers\\bg_nhanes_project\\logs', 'fail_fast': 'False', 'warn_error': 'None', 'use_colors': 'True', 'use_experimental_parser': 'False', 'no_print': 'None', 'quiet': 'False', 'empty': 'False', 'warn_error_options': 'WarnErrorOptions(include=[], exclude=[])', 'static_parser': 'True', 'log_format': 'default', 'introspect': 'True', 'target_path': 'None', 'invocation_command': 'dbt run', 'send_anonymous_usage_stats': 'True'}
[0m11:36:52.616509 [debug] [MainThread]: Sending event: {'category': 'dbt', 'action': 'project_id', 'label': 'a7d2d028-f2a0-4cd6-9366-0dee70d032a8', 'context': [<snowplow_tracker.self_describing_json.SelfDescribingJson object at 0x0000029610A7F100>]}
[0m11:36:52.671353 [debug] [MainThread]: Sending event: {'category': 'dbt', 'action': 'adapter_info', 'label': 'a7d2d028-f2a0-4cd6-9366-0dee70d032a8', 'context': [<snowplow_tracker.self_describing_json.SelfDescribingJson object at 0x00000296109C05A0>]}
[0m11:36:52.672039 [info ] [MainThread]: Registered adapter: bigquery=1.9.1
[0m11:36:53.114262 [debug] [MainThread]: checksum: b5597158181700c50f5bc1c71fe28b37a6fb85633dc5323885263678b6bc782c, vars: {}, profile: , target: , version: 1.9.4
[0m11:36:53.115290 [info ] [MainThread]: Unable to do partial parsing because saved manifest not found. Starting full parse.
[0m11:36:53.115798 [debug] [MainThread]: Sending event: {'category': 'dbt', 'action': 'partial_parser', 'label': 'a7d2d028-f2a0-4cd6-9366-0dee70d032a8', 'context': [<snowplow_tracker.self_describing_json.SelfDescribingJson object at 0x0000029610952D50>]}
[0m11:36:54.405410 [debug] [MainThread]: Sending event: {'category': 'dbt', 'action': 'load_project', 'label': 'a7d2d028-f2a0-4cd6-9366-0dee70d032a8', 'context': [<snowplow_tracker.self_describing_json.SelfDescribingJson object at 0x000002966C80E990>]}
[0m11:36:54.496278 [debug] [MainThread]: Wrote artifact WritableManifest to C:\Users\Bruno Guerreiro\Documents\code-projects\gcp-biomarkers\bg_nhanes_project\target\manifest.json
[0m11:36:54.501385 [debug] [MainThread]: Wrote artifact SemanticManifest to C:\Users\Bruno Guerreiro\Documents\code-projects\gcp-biomarkers\bg_nhanes_project\target\semantic_manifest.json
[0m11:36:54.568254 [debug] [MainThread]: Sending event: {'category': 'dbt', 'action': 'resource_counts', 'label': 'a7d2d028-f2a0-4cd6-9366-0dee70d032a8', 'context': [<snowplow_tracker.self_describing_json.SelfDescribingJson object at 0x0000029610ED6DD0>]}
[0m11:36:54.568701 [info ] [MainThread]: Found 3 models, 6 data tests, 1 source, 491 macros
[0m11:36:54.569133 [debug] [MainThread]: Sending event: {'category': 'dbt', 'action': 'runnable_timing', 'label': 'a7d2d028-f2a0-4cd6-9366-0dee70d032a8', 'context': [<snowplow_tracker.self_describing_json.SelfDescribingJson object at 0x000002961113D090>]}
[0m11:36:54.570956 [info ] [MainThread]: 
[0m11:36:54.571355 [info ] [MainThread]: Concurrency: 4 threads (target='dev')
[0m11:36:54.571786 [info ] [MainThread]: 
[0m11:36:54.572333 [debug] [MainThread]: Acquiring new bigquery connection 'master'
[0m11:36:54.576025 [debug] [ThreadPool]: Acquiring new bigquery connection 'list_bg-gcp-biomarkers'
[0m11:36:54.576461 [debug] [ThreadPool]: Opening a new connection, currently in state init
[0m11:37:06.604760 [debug] [ThreadPool]: BigQuery adapter: Got an error when attempting to create a bigquery " "client: 'Runtime Error
  Failed to authenticate with supplied credentials
  error:
  Your default credentials were not found. To set up Application Default Credentials, see https://cloud.google.com/docs/authentication/external/set-up-adc for more information.'
[0m11:37:06.606131 [debug] [MainThread]: Opening a new connection, currently in state init
[0m11:37:18.628981 [debug] [MainThread]: BigQuery adapter: Got an error when attempting to create a bigquery " "client: 'Runtime Error
  Failed to authenticate with supplied credentials
  error:
  Your default credentials were not found. To set up Application Default Credentials, see https://cloud.google.com/docs/authentication/external/set-up-adc for more information.'
[0m11:37:18.629369 [info ] [MainThread]: 
[0m11:37:18.629763 [info ] [MainThread]: Finished running  in 0 hours 0 minutes and 24.06 seconds (24.06s).
[0m11:37:18.630250 [error] [MainThread]: Encountered an error:
Database Error
  Runtime Error
    Failed to authenticate with supplied credentials
    error:
    Your default credentials were not found. To set up Application Default Credentials, see https://cloud.google.com/docs/authentication/external/set-up-adc for more information.
[0m11:37:18.631238 [debug] [MainThread]: Command `dbt run` failed at 11:37:18.631118 after 27.66 seconds
[0m11:37:18.631548 [debug] [MainThread]: Sending event: {'category': 'dbt', 'action': 'invocation', 'label': 'end', 'context': [<snowplow_tracker.self_describing_json.SelfDescribingJson object at 0x000002966CC8E150>, <snowplow_tracker.self_describing_json.SelfDescribingJson object at 0x0000029610F22C50>, <snowplow_tracker.self_describing_json.SelfDescribingJson object at 0x0000029610F22DB0>]}
[0m11:37:18.631851 [debug] [MainThread]: Flushing usage events
[0m11:37:19.149923 [debug] [MainThread]: An error was encountered while trying to flush usage events
[0m11:39:50.255876 [debug] [MainThread]: Sending event: {'category': 'dbt', 'action': 'invocation', 'label': 'start', 'context': [<snowplow_tracker.self_describing_json.SelfDescribingJson object at 0x00000217923FA900>, <snowplow_tracker.self_describing_json.SelfDescribingJson object at 0x00000217930A96D0>, <snowplow_tracker.self_describing_json.SelfDescribingJson object at 0x00000217930A9450>]}


============================== 11:39:50.260319 | a904cf4c-e610-4aef-bcb0-0cbedb3423a7 ==============================
[0m11:39:50.260319 [info ] [MainThread]: Running with dbt=1.9.4
[0m11:39:50.260870 [debug] [MainThread]: running dbt with arguments {'printer_width': '80', 'indirect_selection': 'eager', 'write_json': 'True', 'log_cache_events': 'False', 'partial_parse': 'True', 'cache_selected_only': 'False', 'profiles_dir': 'C:\\Users\\Bruno Guerreiro\\.dbt', 'fail_fast': 'False', 'debug': 'False', 'log_path': 'C:\\Users\\Bruno Guerreiro\\Documents\\code-projects\\gcp-biomarkers\\bg_nhanes_project\\logs', 'version_check': 'True', 'warn_error': 'None', 'use_colors': 'True', 'use_experimental_parser': 'False', 'no_print': 'None', 'quiet': 'False', 'empty': 'False', 'warn_error_options': 'WarnErrorOptions(include=[], exclude=[])', 'static_parser': 'True', 'introspect': 'True', 'invocation_command': 'dbt run', 'target_path': 'None', 'log_format': 'default', 'send_anonymous_usage_stats': 'True'}
[0m11:39:51.565793 [debug] [MainThread]: Sending event: {'category': 'dbt', 'action': 'project_id', 'label': 'a904cf4c-e610-4aef-bcb0-0cbedb3423a7', 'context': [<snowplow_tracker.self_describing_json.SelfDescribingJson object at 0x00000217B59DF100>]}
[0m11:39:51.622562 [debug] [MainThread]: Sending event: {'category': 'dbt', 'action': 'adapter_info', 'label': 'a904cf4c-e610-4aef-bcb0-0cbedb3423a7', 'context': [<snowplow_tracker.self_describing_json.SelfDescribingJson object at 0x00000217B59205A0>]}
[0m11:39:51.623229 [info ] [MainThread]: Registered adapter: bigquery=1.9.1
[0m11:39:52.057214 [debug] [MainThread]: checksum: b5597158181700c50f5bc1c71fe28b37a6fb85633dc5323885263678b6bc782c, vars: {}, profile: , target: , version: 1.9.4
[0m11:39:52.237146 [debug] [MainThread]: Partial parsing enabled: 0 files deleted, 0 files added, 0 files changed.
[0m11:39:52.237512 [debug] [MainThread]: Partial parsing enabled, no changes found, skipping parsing
[0m11:39:52.278431 [debug] [MainThread]: Sending event: {'category': 'dbt', 'action': 'load_project', 'label': 'a904cf4c-e610-4aef-bcb0-0cbedb3423a7', 'context': [<snowplow_tracker.self_describing_json.SelfDescribingJson object at 0x00000217B5C99650>]}
[0m11:39:52.356121 [debug] [MainThread]: Wrote artifact WritableManifest to C:\Users\Bruno Guerreiro\Documents\code-projects\gcp-biomarkers\bg_nhanes_project\target\manifest.json
[0m11:39:52.359825 [debug] [MainThread]: Wrote artifact SemanticManifest to C:\Users\Bruno Guerreiro\Documents\code-projects\gcp-biomarkers\bg_nhanes_project\target\semantic_manifest.json
[0m11:39:52.387745 [debug] [MainThread]: Sending event: {'category': 'dbt', 'action': 'resource_counts', 'label': 'a904cf4c-e610-4aef-bcb0-0cbedb3423a7', 'context': [<snowplow_tracker.self_describing_json.SelfDescribingJson object at 0x000002179247EC60>]}
[0m11:39:52.388180 [info ] [MainThread]: Found 3 models, 6 data tests, 1 source, 491 macros
[0m11:39:52.388632 [debug] [MainThread]: Sending event: {'category': 'dbt', 'action': 'runnable_timing', 'label': 'a904cf4c-e610-4aef-bcb0-0cbedb3423a7', 'context': [<snowplow_tracker.self_describing_json.SelfDescribingJson object at 0x00000217B5EB1B70>]}
[0m11:39:52.390244 [info ] [MainThread]: 
[0m11:39:52.390651 [info ] [MainThread]: Concurrency: 4 threads (target='dev')
[0m11:39:52.391030 [info ] [MainThread]: 
[0m11:39:52.391551 [debug] [MainThread]: Acquiring new bigquery connection 'master'
[0m11:39:52.395080 [debug] [ThreadPool]: Acquiring new bigquery connection 'list_bg-gcp-biomarkers'
[0m11:39:52.395406 [debug] [ThreadPool]: Opening a new connection, currently in state init
[0m11:40:04.403809 [debug] [ThreadPool]: BigQuery adapter: Got an error when attempting to create a bigquery " "client: 'Runtime Error
  Failed to authenticate with supplied credentials
  error:
  Your default credentials were not found. To set up Application Default Credentials, see https://cloud.google.com/docs/authentication/external/set-up-adc for more information.'
[0m11:40:04.405193 [debug] [MainThread]: Opening a new connection, currently in state init
[0m11:40:16.657433 [debug] [MainThread]: BigQuery adapter: Got an error when attempting to create a bigquery " "client: 'Runtime Error
  Failed to authenticate with supplied credentials
  error:
  Your default credentials were not found. To set up Application Default Credentials, see https://cloud.google.com/docs/authentication/external/set-up-adc for more information.'
[0m11:40:16.657997 [info ] [MainThread]: 
[0m11:40:16.658413 [info ] [MainThread]: Finished running  in 0 hours 0 minutes and 24.27 seconds (24.27s).
[0m11:40:16.660333 [error] [MainThread]: Encountered an error:
Database Error
  Runtime Error
    Failed to authenticate with supplied credentials
    error:
    Your default credentials were not found. To set up Application Default Credentials, see https://cloud.google.com/docs/authentication/external/set-up-adc for more information.
[0m11:40:16.661566 [debug] [MainThread]: Command `dbt run` failed at 11:40:16.661439 after 26.51 seconds
[0m11:40:16.661931 [debug] [MainThread]: Sending event: {'category': 'dbt', 'action': 'invocation', 'label': 'end', 'context': [<snowplow_tracker.self_describing_json.SelfDescribingJson object at 0x00000217B5903520>, <snowplow_tracker.self_describing_json.SelfDescribingJson object at 0x000002179340E150>, <snowplow_tracker.self_describing_json.SelfDescribingJson object at 0x00000217B5E68D10>]}
[0m11:40:16.662290 [debug] [MainThread]: Flushing usage events
[0m11:40:17.242822 [debug] [MainThread]: An error was encountered while trying to flush usage events
[0m11:43:19.764924 [debug] [MainThread]: Sending event: {'category': 'dbt', 'action': 'invocation', 'label': 'start', 'context': [<snowplow_tracker.self_describing_json.SelfDescribingJson object at 0x0000024F74B6E900>, <snowplow_tracker.self_describing_json.SelfDescribingJson object at 0x0000024F758256D0>, <snowplow_tracker.self_describing_json.SelfDescribingJson object at 0x0000024F75825450>]}


============================== 11:43:19.769808 | e8c8a14e-f028-4219-b482-e9b11b53ca02 ==============================
[0m11:43:19.769808 [info ] [MainThread]: Running with dbt=1.9.4
[0m11:43:19.770474 [debug] [MainThread]: running dbt with arguments {'printer_width': '80', 'indirect_selection': 'eager', 'write_json': 'True', 'log_cache_events': 'False', 'partial_parse': 'True', 'cache_selected_only': 'False', 'profiles_dir': 'C:\\Users\\Bruno Guerreiro\\.dbt', 'version_check': 'True', 'debug': 'False', 'log_path': 'C:\\Users\\Bruno Guerreiro\\Documents\\code-projects\\gcp-biomarkers\\bg_nhanes_project\\logs', 'fail_fast': 'False', 'warn_error': 'None', 'use_colors': 'True', 'use_experimental_parser': 'False', 'no_print': 'None', 'quiet': 'False', 'empty': 'None', 'log_format': 'default', 'invocation_command': 'dbt debug', 'static_parser': 'True', 'introspect': 'True', 'target_path': 'None', 'warn_error_options': 'WarnErrorOptions(include=[], exclude=[])', 'send_anonymous_usage_stats': 'True'}
[0m11:43:19.794200 [info ] [MainThread]: dbt version: 1.9.4
[0m11:43:19.794709 [info ] [MainThread]: python version: 3.13.1
[0m11:43:19.795086 [info ] [MainThread]: python path: c:\Users\Bruno Guerreiro\Documents\code-projects\gcp-biomarkers\.venv\Scripts\python.exe
[0m11:43:19.795428 [info ] [MainThread]: os info: Windows-10-10.0.19045-SP0
[0m11:43:22.729890 [info ] [MainThread]: Using profiles dir at C:\Users\Bruno Guerreiro\.dbt
[0m11:43:22.730485 [info ] [MainThread]: Using profiles.yml file at C:\Users\Bruno Guerreiro\.dbt\profiles.yml
[0m11:43:22.730923 [info ] [MainThread]: Using dbt_project.yml file at C:\Users\Bruno Guerreiro\Documents\code-projects\gcp-biomarkers\bg_nhanes_project\dbt_project.yml
[0m11:43:22.731358 [info ] [MainThread]: adapter type: bigquery
[0m11:43:22.731754 [info ] [MainThread]: adapter version: 1.9.1
[0m11:43:22.823845 [info ] [MainThread]: Configuration:
[0m11:43:22.824373 [info ] [MainThread]:   profiles.yml file [[32mOK found and valid[0m]
[0m11:43:22.824802 [info ] [MainThread]:   dbt_project.yml file [[32mOK found and valid[0m]
[0m11:43:22.825184 [info ] [MainThread]: Required dependencies:
[0m11:43:22.825566 [debug] [MainThread]: Executing "git --help"
[0m11:43:22.901056 [debug] [MainThread]: STDOUT: "b"usage: git [-v | --version] [-h | --help] [-C <path>] [-c <name>=<value>]\n           [--exec-path[=<path>]] [--html-path] [--man-path] [--info-path]\n           [-p | --paginate | -P | --no-pager] [--no-replace-objects] [--bare]\n           [--git-dir=<path>] [--work-tree=<path>] [--namespace=<name>]\n           [--super-prefix=<path>] [--config-env=<name>=<envvar>]\n           <command> [<args>]\n\nThese are common Git commands used in various situations:\n\nstart a working area (see also: git help tutorial)\n   clone     Clone a repository into a new directory\n   init      Create an empty Git repository or reinitialize an existing one\n\nwork on the current change (see also: git help everyday)\n   add       Add file contents to the index\n   mv        Move or rename a file, a directory, or a symlink\n   restore   Restore working tree files\n   rm        Remove files from the working tree and from the index\n\nexamine the history and state (see also: git help revisions)\n   bisect    Use binary search to find the commit that introduced a bug\n   diff      Show changes between commits, commit and working tree, etc\n   grep      Print lines matching a pattern\n   log       Show commit logs\n   show      Show various types of objects\n   status    Show the working tree status\n\ngrow, mark and tweak your common history\n   branch    List, create, or delete branches\n   commit    Record changes to the repository\n   merge     Join two or more development histories together\n   rebase    Reapply commits on top of another base tip\n   reset     Reset current HEAD to the specified state\n   switch    Switch branches\n   tag       Create, list, delete or verify a tag object signed with GPG\n\ncollaborate (see also: git help workflows)\n   fetch     Download objects and refs from another repository\n   pull      Fetch from and integrate with another repository or a local branch\n   push      Update remote refs along with associated objects\n\n'git help -a' and 'git help -g' list available subcommands and some\nconcept guides. See 'git help <command>' or 'git help <concept>'\nto read about a specific subcommand or concept.\nSee 'git help git' for an overview of the system.\n""
[0m11:43:22.901528 [debug] [MainThread]: STDERR: "b''"
[0m11:43:22.901898 [info ] [MainThread]:  - git [[32mOK found[0m]

[0m11:43:22.902411 [info ] [MainThread]: Connection:
[0m11:43:22.902906 [info ] [MainThread]:   method: oauth
[0m11:43:22.903288 [info ] [MainThread]:   database: bg-gcp-biomarkers
[0m11:43:22.903710 [info ] [MainThread]:   execution_project: bg-gcp-biomarkers
[0m11:43:22.904122 [info ] [MainThread]:   schema: raw
[0m11:43:22.904530 [info ] [MainThread]:   location: US
[0m11:43:22.904993 [info ] [MainThread]:   priority: interactive
[0m11:43:22.905434 [info ] [MainThread]:   maximum_bytes_billed: None
[0m11:43:22.905861 [info ] [MainThread]:   impersonate_service_account: None
[0m11:43:22.906258 [info ] [MainThread]:   job_retry_deadline_seconds: None
[0m11:43:22.906610 [info ] [MainThread]:   job_retries: 1
[0m11:43:22.906977 [info ] [MainThread]:   job_creation_timeout_seconds: None
[0m11:43:22.907370 [info ] [MainThread]:   job_execution_timeout_seconds: 300
[0m11:43:22.907804 [info ] [MainThread]:   timeout_seconds: 300
[0m11:43:22.908220 [info ] [MainThread]:   client_id: None
[0m11:43:22.908619 [info ] [MainThread]:   token_uri: None
[0m11:43:22.909006 [info ] [MainThread]:   dataproc_region: None
[0m11:43:22.909387 [info ] [MainThread]:   dataproc_cluster_name: None
[0m11:43:22.909776 [info ] [MainThread]:   gcs_bucket: None
[0m11:43:22.910137 [info ] [MainThread]:   dataproc_batch: None
[0m11:43:22.910739 [info ] [MainThread]: Registered adapter: bigquery=1.9.1
[0m11:43:23.447506 [debug] [MainThread]: Acquiring new bigquery connection 'debug'
[0m11:43:23.447885 [debug] [MainThread]: On debug: select 1 as id
[0m11:43:23.448198 [debug] [MainThread]: Opening a new connection, currently in state init
[0m11:43:35.504858 [debug] [MainThread]: BigQuery adapter: Got an error when attempting to create a bigquery " "client: 'Runtime Error
  Failed to authenticate with supplied credentials
  error:
  Your default credentials were not found. To set up Application Default Credentials, see https://cloud.google.com/docs/authentication/external/set-up-adc for more information.'
[0m11:43:35.505258 [debug] [MainThread]: BigQuery adapter: Unhandled error while running:
select 1 as id
[0m11:43:35.505534 [debug] [MainThread]: BigQuery adapter: Database Error
  Runtime Error
    Failed to authenticate with supplied credentials
    error:
    Your default credentials were not found. To set up Application Default Credentials, see https://cloud.google.com/docs/authentication/external/set-up-adc for more information.
[0m11:43:35.505815 [info ] [MainThread]:   Connection test: [[31mERROR[0m]

[0m11:43:35.506191 [info ] [MainThread]: [31m1 check failed:[0m
[0m11:43:35.506524 [info ] [MainThread]: dbt was unable to connect to the specified database.
The database returned the following error:

  >'NoneType' object has no attribute 'close'

Check your database credentials and try again. For more information, visit:
https://docs.getdbt.com/docs/configure-your-profile


[0m11:43:35.507593 [debug] [MainThread]: Command `dbt debug` failed at 11:43:35.507485 after 15.87 seconds
[0m11:43:35.507917 [debug] [MainThread]: Sending event: {'category': 'dbt', 'action': 'invocation', 'label': 'end', 'context': [<snowplow_tracker.self_describing_json.SelfDescribingJson object at 0x0000024F1832CE90>, <snowplow_tracker.self_describing_json.SelfDescribingJson object at 0x0000024F1834D130>, <snowplow_tracker.self_describing_json.SelfDescribingJson object at 0x0000024F184AC490>]}
[0m11:43:35.508250 [debug] [MainThread]: Flushing usage events
[0m11:43:36.076725 [debug] [MainThread]: An error was encountered while trying to flush usage events
[0m11:51:41.622977 [debug] [MainThread]: Sending event: {'category': 'dbt', 'action': 'invocation', 'label': 'start', 'context': [<snowplow_tracker.self_describing_json.SelfDescribingJson object at 0x000001E1A86FE900>, <snowplow_tracker.self_describing_json.SelfDescribingJson object at 0x000001E1A93AD6D0>, <snowplow_tracker.self_describing_json.SelfDescribingJson object at 0x000001E1A93AD450>]}


============================== 11:51:41.626863 | ac46105d-ae7b-44fc-be31-ac6ec6138f92 ==============================
[0m11:51:41.626863 [info ] [MainThread]: Running with dbt=1.9.4
[0m11:51:41.627501 [debug] [MainThread]: running dbt with arguments {'printer_width': '80', 'indirect_selection': 'eager', 'log_cache_events': 'False', 'write_json': 'True', 'partial_parse': 'True', 'cache_selected_only': 'False', 'warn_error': 'None', 'fail_fast': 'False', 'version_check': 'True', 'log_path': 'C:\\Users\\Bruno Guerreiro\\Documents\\code-projects\\gcp-biomarkers\\bg_nhanes_project\\logs', 'profiles_dir': 'C:\\Users\\Bruno Guerreiro\\.dbt', 'debug': 'False', 'use_colors': 'True', 'use_experimental_parser': 'False', 'no_print': 'None', 'quiet': 'False', 'empty': 'None', 'warn_error_options': 'WarnErrorOptions(include=[], exclude=[])', 'invocation_command': 'dbt debug', 'static_parser': 'True', 'log_format': 'default', 'target_path': 'None', 'introspect': 'True', 'send_anonymous_usage_stats': 'True'}
[0m11:51:41.644883 [info ] [MainThread]: dbt version: 1.9.4
[0m11:51:41.645357 [info ] [MainThread]: python version: 3.13.1
[0m11:51:41.645732 [info ] [MainThread]: python path: c:\Users\Bruno Guerreiro\Documents\code-projects\.venv\Scripts\python.exe
[0m11:51:41.646077 [info ] [MainThread]: os info: Windows-10-10.0.19045-SP0
[0m11:51:42.568573 [info ] [MainThread]: Using profiles dir at C:\Users\Bruno Guerreiro\.dbt
[0m11:51:42.569193 [info ] [MainThread]: Using profiles.yml file at C:\Users\Bruno Guerreiro\.dbt\profiles.yml
[0m11:51:42.569643 [info ] [MainThread]: Using dbt_project.yml file at C:\Users\Bruno Guerreiro\Documents\code-projects\gcp-biomarkers\bg_nhanes_project\dbt_project.yml
[0m11:51:42.570125 [info ] [MainThread]: adapter type: bigquery
[0m11:51:42.570552 [info ] [MainThread]: adapter version: 1.9.1
[0m11:51:42.660071 [info ] [MainThread]: Configuration:
[0m11:51:42.660660 [info ] [MainThread]:   profiles.yml file [[32mOK found and valid[0m]
[0m11:51:42.661121 [info ] [MainThread]:   dbt_project.yml file [[32mOK found and valid[0m]
[0m11:51:42.661574 [info ] [MainThread]: Required dependencies:
[0m11:51:42.661999 [debug] [MainThread]: Executing "git --help"
[0m11:51:42.733972 [debug] [MainThread]: STDOUT: "b"usage: git [-v | --version] [-h | --help] [-C <path>] [-c <name>=<value>]\n           [--exec-path[=<path>]] [--html-path] [--man-path] [--info-path]\n           [-p | --paginate | -P | --no-pager] [--no-replace-objects] [--bare]\n           [--git-dir=<path>] [--work-tree=<path>] [--namespace=<name>]\n           [--super-prefix=<path>] [--config-env=<name>=<envvar>]\n           <command> [<args>]\n\nThese are common Git commands used in various situations:\n\nstart a working area (see also: git help tutorial)\n   clone     Clone a repository into a new directory\n   init      Create an empty Git repository or reinitialize an existing one\n\nwork on the current change (see also: git help everyday)\n   add       Add file contents to the index\n   mv        Move or rename a file, a directory, or a symlink\n   restore   Restore working tree files\n   rm        Remove files from the working tree and from the index\n\nexamine the history and state (see also: git help revisions)\n   bisect    Use binary search to find the commit that introduced a bug\n   diff      Show changes between commits, commit and working tree, etc\n   grep      Print lines matching a pattern\n   log       Show commit logs\n   show      Show various types of objects\n   status    Show the working tree status\n\ngrow, mark and tweak your common history\n   branch    List, create, or delete branches\n   commit    Record changes to the repository\n   merge     Join two or more development histories together\n   rebase    Reapply commits on top of another base tip\n   reset     Reset current HEAD to the specified state\n   switch    Switch branches\n   tag       Create, list, delete or verify a tag object signed with GPG\n\ncollaborate (see also: git help workflows)\n   fetch     Download objects and refs from another repository\n   pull      Fetch from and integrate with another repository or a local branch\n   push      Update remote refs along with associated objects\n\n'git help -a' and 'git help -g' list available subcommands and some\nconcept guides. See 'git help <command>' or 'git help <concept>'\nto read about a specific subcommand or concept.\nSee 'git help git' for an overview of the system.\n""
[0m11:51:42.734439 [debug] [MainThread]: STDERR: "b''"
[0m11:51:42.734790 [info ] [MainThread]:  - git [[32mOK found[0m]

[0m11:51:42.735260 [info ] [MainThread]: Connection:
[0m11:51:42.735650 [info ] [MainThread]:   method: oauth
[0m11:51:42.736013 [info ] [MainThread]:   database: bg-gcp-biomarkers
[0m11:51:42.736376 [info ] [MainThread]:   execution_project: bg-gcp-biomarkers
[0m11:51:42.736745 [info ] [MainThread]:   schema: raw
[0m11:51:42.737101 [info ] [MainThread]:   location: US
[0m11:51:42.737461 [info ] [MainThread]:   priority: interactive
[0m11:51:42.737814 [info ] [MainThread]:   maximum_bytes_billed: None
[0m11:51:42.738170 [info ] [MainThread]:   impersonate_service_account: None
[0m11:51:42.738517 [info ] [MainThread]:   job_retry_deadline_seconds: None
[0m11:51:42.738863 [info ] [MainThread]:   job_retries: 1
[0m11:51:42.739220 [info ] [MainThread]:   job_creation_timeout_seconds: None
[0m11:51:42.739582 [info ] [MainThread]:   job_execution_timeout_seconds: 300
[0m11:51:42.739970 [info ] [MainThread]:   timeout_seconds: 300
[0m11:51:42.740349 [info ] [MainThread]:   client_id: None
[0m11:51:42.740732 [info ] [MainThread]:   token_uri: None
[0m11:51:42.741175 [info ] [MainThread]:   dataproc_region: None
[0m11:51:42.741607 [info ] [MainThread]:   dataproc_cluster_name: None
[0m11:51:42.742029 [info ] [MainThread]:   gcs_bucket: None
[0m11:51:42.742454 [info ] [MainThread]:   dataproc_batch: None
[0m11:51:42.743153 [info ] [MainThread]: Registered adapter: bigquery=1.9.1
[0m11:51:43.177538 [debug] [MainThread]: Acquiring new bigquery connection 'debug'
[0m11:51:43.177960 [debug] [MainThread]: On debug: select 1 as id
[0m11:51:43.178317 [debug] [MainThread]: Opening a new connection, currently in state init
[0m11:51:46.190119 [debug] [MainThread]: Opening a new connection, currently in state init
[0m11:51:53.245492 [error] [MainThread]: Encountered an error:

[0m11:51:53.288759 [error] [MainThread]: Traceback (most recent call last):
  File "C:\Users\Bruno Guerreiro\AppData\Local\Programs\Python\Python313\Lib\socket.py", line 849, in create_connection
    sock.connect(sa)
    ~~~~~~~~~~~~^^^^
TimeoutError: timed out

During handling of the above exception, another exception occurred:

Traceback (most recent call last):
  File "c:\Users\Bruno Guerreiro\Documents\code-projects\.venv\Lib\site-packages\dbt\adapters\base\impl.py", line 408, in connection_named
    yield
  File "c:\Users\Bruno Guerreiro\Documents\code-projects\.venv\Lib\site-packages\dbt\task\debug.py", line 443, in attempt_connection
    adapter.debug_query()
    ~~~~~~~~~~~~~~~~~~~^^
  File "c:\Users\Bruno Guerreiro\Documents\code-projects\.venv\Lib\site-packages\dbt\adapters\bigquery\impl.py", line 962, in debug_query
    self.execute("select 1 as id")
    ~~~~~~~~~~~~^^^^^^^^^^^^^^^^^^
  File "c:\Users\Bruno Guerreiro\Documents\code-projects\.venv\Lib\site-packages\dbt_common\record.py", line 500, in record_replay_wrapper
    return func_to_record(*call_args, **kwargs)
  File "c:\Users\Bruno Guerreiro\Documents\code-projects\.venv\Lib\site-packages\dbt\adapters\base\impl.py", line 438, in execute
    return self.connections.execute(sql=sql, auto_begin=auto_begin, fetch=fetch, limit=limit)
           ~~~~~~~~~~~~~~~~~~~~~~~~^^^^^^^^^^^^^^^^^^^^^^^^^^^^^^^^^^^^^^^^^^^^^^^^^^^^^^^^^^
  File "c:\Users\Bruno Guerreiro\Documents\code-projects\.venv\Lib\site-packages\dbt\adapters\bigquery\connections.py", line 283, in execute
    query_job, iterator = self.raw_execute(sql, limit=limit)
                          ~~~~~~~~~~~~~~~~^^^^^^^^^^^^^^^^^^
  File "c:\Users\Bruno Guerreiro\Documents\code-projects\.venv\Lib\site-packages\dbt\adapters\bigquery\connections.py", line 270, in raw_execute
    return self._query_and_results(
           ~~~~~~~~~~~~~~~~~~~~~~~^
        conn,
        ^^^^^
    ...<3 lines>...
        limit=limit,
        ^^^^^^^^^^^^
    )
    ^
  File "c:\Users\Bruno Guerreiro\Documents\code-projects\.venv\Lib\site-packages\dbt\adapters\bigquery\connections.py", line 567, in _query_and_results
    client: Client = conn.handle
                     ^^^^^^^^^^^
  File "c:\Users\Bruno Guerreiro\Documents\code-projects\.venv\Lib\site-packages\dbt\adapters\contracts\connection.py", line 96, in handle
    self._handle.resolve(self)
    ~~~~~~~~~~~~~~~~~~~~^^^^^^
  File "c:\Users\Bruno Guerreiro\Documents\code-projects\.venv\Lib\site-packages\dbt\adapters\contracts\connection.py", line 120, in resolve
    return self.opener(connection)
           ~~~~~~~~~~~^^^^^^^^^^^^
  File "c:\Users\Bruno Guerreiro\Documents\code-projects\.venv\Lib\site-packages\dbt\adapters\bigquery\connections.py", line 195, in open
    connection.handle = create_bigquery_client(connection.credentials)
                        ~~~~~~~~~~~~~~~~~~~~~~^^^^^^^^^^^^^^^^^^^^^^^^
  File "c:\Users\Bruno Guerreiro\Documents\code-projects\.venv\Lib\site-packages\dbt\adapters\bigquery\clients.py", line 24, in create_bigquery_client
    return _create_bigquery_client(credentials)
  File "c:\Users\Bruno Guerreiro\Documents\code-projects\.venv\Lib\site-packages\google\api_core\retry\retry_unary.py", line 293, in retry_wrapped_func
    return retry_target(
        target,
    ...<3 lines>...
        on_error=on_error,
    )
  File "c:\Users\Bruno Guerreiro\Documents\code-projects\.venv\Lib\site-packages\google\api_core\retry\retry_unary.py", line 144, in retry_target
    result = target()
  File "c:\Users\Bruno Guerreiro\Documents\code-projects\.venv\Lib\site-packages\dbt\adapters\bigquery\clients.py", line 61, in _create_bigquery_client
    create_google_credentials(credentials),
    ~~~~~~~~~~~~~~~~~~~~~~~~~^^^^^^^^^^^^^
  File "c:\Users\Bruno Guerreiro\Documents\code-projects\.venv\Lib\site-packages\dbt\adapters\bigquery\credentials.py", line 178, in create_google_credentials
    return _create_google_credentials(credentials)
  File "c:\Users\Bruno Guerreiro\Documents\code-projects\.venv\Lib\site-packages\dbt\adapters\bigquery\credentials.py", line 197, in _create_google_credentials
    creds, _ = _create_bigquery_defaults(scopes=credentials.scopes)
               ~~~~~~~~~~~~~~~~~~~~~~~~~^^^^^^^^^^^^^^^^^^^^^^^^^^^
  File "c:\Users\Bruno Guerreiro\Documents\code-projects\.venv\Lib\site-packages\dbt\adapters\bigquery\credentials.py", line 237, in _create_bigquery_defaults
    return default(scopes=scopes)
  File "c:\Users\Bruno Guerreiro\Documents\code-projects\.venv\Lib\site-packages\google\auth\_default.py", line 685, in default
    credentials, project_id = checker()
                              ~~~~~~~^^
  File "c:\Users\Bruno Guerreiro\Documents\code-projects\.venv\Lib\site-packages\google\auth\_default.py", line 681, in <lambda>
    lambda: _get_gce_credentials(request, quota_project_id=quota_project_id),
            ~~~~~~~~~~~~~~~~~~~~^^^^^^^^^^^^^^^^^^^^^^^^^^^^^^^^^^^^^^^^^^^^
  File "c:\Users\Bruno Guerreiro\Documents\code-projects\.venv\Lib\site-packages\google\auth\_default.py", line 350, in _get_gce_credentials
    if _metadata.is_on_gce(request=request):
       ~~~~~~~~~~~~~~~~~~~^^^^^^^^^^^^^^^^^
  File "c:\Users\Bruno Guerreiro\Documents\code-projects\.venv\Lib\site-packages\google\auth\compute_engine\_metadata.py", line 78, in is_on_gce
    if ping(request):
       ~~~~^^^^^^^^^
  File "c:\Users\Bruno Guerreiro\Documents\code-projects\.venv\Lib\site-packages\google\auth\compute_engine\_metadata.py", line 131, in ping
    response = request(
        url=_METADATA_IP_ROOT, method="GET", headers=headers, timeout=timeout
    )
  File "c:\Users\Bruno Guerreiro\Documents\code-projects\.venv\Lib\site-packages\google\auth\transport\_http_client.py", line 104, in __call__
    connection.request(method, path, body=body, headers=headers, **kwargs)
    ~~~~~~~~~~~~~~~~~~^^^^^^^^^^^^^^^^^^^^^^^^^^^^^^^^^^^^^^^^^^^^^^^^^^^^
  File "C:\Users\Bruno Guerreiro\AppData\Local\Programs\Python\Python313\Lib\http\client.py", line 1336, in request
    self._send_request(method, url, body, headers, encode_chunked)
    ~~~~~~~~~~~~~~~~~~^^^^^^^^^^^^^^^^^^^^^^^^^^^^^^^^^^^^^^^^^^^^
  File "C:\Users\Bruno Guerreiro\AppData\Local\Programs\Python\Python313\Lib\http\client.py", line 1382, in _send_request
    self.endheaders(body, encode_chunked=encode_chunked)
    ~~~~~~~~~~~~~~~^^^^^^^^^^^^^^^^^^^^^^^^^^^^^^^^^^^^^
  File "C:\Users\Bruno Guerreiro\AppData\Local\Programs\Python\Python313\Lib\http\client.py", line 1331, in endheaders
    self._send_output(message_body, encode_chunked=encode_chunked)
    ~~~~~~~~~~~~~~~~~^^^^^^^^^^^^^^^^^^^^^^^^^^^^^^^^^^^^^^^^^^^^^
  File "C:\Users\Bruno Guerreiro\AppData\Local\Programs\Python\Python313\Lib\http\client.py", line 1091, in _send_output
    self.send(msg)
    ~~~~~~~~~^^^^^
  File "C:\Users\Bruno Guerreiro\AppData\Local\Programs\Python\Python313\Lib\http\client.py", line 1035, in send
    self.connect()
    ~~~~~~~~~~~~^^
  File "C:\Users\Bruno Guerreiro\AppData\Local\Programs\Python\Python313\Lib\http\client.py", line 1001, in connect
    self.sock = self._create_connection(
                ~~~~~~~~~~~~~~~~~~~~~~~^
        (self.host,self.port), self.timeout, self.source_address)
        ^^^^^^^^^^^^^^^^^^^^^^^^^^^^^^^^^^^^^^^^^^^^^^^^^^^^^^^^^
  File "C:\Users\Bruno Guerreiro\AppData\Local\Programs\Python\Python313\Lib\socket.py", line 856, in create_connection
    exceptions.clear()  # raise only the last error
    ~~~~~~~~~~~~~~~~^^
KeyboardInterrupt

During handling of the above exception, another exception occurred:

Traceback (most recent call last):
  File "C:\Users\Bruno Guerreiro\AppData\Local\Programs\Python\Python313\Lib\socket.py", line 849, in create_connection
    sock.connect(sa)
    ~~~~~~~~~~~~^^^^
TimeoutError: timed out

During handling of the above exception, another exception occurred:

Traceback (most recent call last):
  File "c:\Users\Bruno Guerreiro\Documents\code-projects\.venv\Lib\site-packages\dbt\cli\requires.py", line 153, in wrapper
    result, success = func(*args, **kwargs)
                      ~~~~^^^^^^^^^^^^^^^^^
  File "c:\Users\Bruno Guerreiro\Documents\code-projects\.venv\Lib\site-packages\dbt\cli\requires.py", line 103, in wrapper
    return func(*args, **kwargs)
  File "c:\Users\Bruno Guerreiro\Documents\code-projects\.venv\Lib\site-packages\dbt\cli\main.py", line 414, in debug
    results = task.run()
  File "c:\Users\Bruno Guerreiro\Documents\code-projects\.venv\Lib\site-packages\dbt\task\debug.py", line 144, in run
    connection_status = self.test_connection()
  File "c:\Users\Bruno Guerreiro\Documents\code-projects\.venv\Lib\site-packages\dbt\task\debug.py", line 465, in test_connection
    connection_result = self.attempt_connection(self.profile)
  File "c:\Users\Bruno Guerreiro\Documents\code-projects\.venv\Lib\site-packages\dbt\task\debug.py", line 441, in attempt_connection
    with adapter.connection_named("debug"):
         ~~~~~~~~~~~~~~~~~~~~~~~~^^^^^^^^^
  File "C:\Users\Bruno Guerreiro\AppData\Local\Programs\Python\Python313\Lib\contextlib.py", line 162, in __exit__
    self.gen.throw(value)
    ~~~~~~~~~~~~~~^^^^^^^
  File "c:\Users\Bruno Guerreiro\Documents\code-projects\.venv\Lib\site-packages\dbt\adapters\base\impl.py", line 411, in connection_named
    self.release_connection()
    ~~~~~~~~~~~~~~~~~~~~~~~^^
  File "c:\Users\Bruno Guerreiro\Documents\code-projects\.venv\Lib\site-packages\dbt\adapters\base\impl.py", line 380, in release_connection
    self.connections.release()
    ~~~~~~~~~~~~~~~~~~~~~~~~^^
  File "c:\Users\Bruno Guerreiro\Documents\code-projects\.venv\Lib\site-packages\dbt\adapters\base\connections.py", line 296, in release
    self.close(conn)
    ~~~~~~~~~~^^^^^^
  File "c:\Users\Bruno Guerreiro\Documents\code-projects\.venv\Lib\site-packages\dbt\adapters\bigquery\connections.py", line 155, in close
    connection.handle.close()
    ^^^^^^^^^^^^^^^^^
  File "c:\Users\Bruno Guerreiro\Documents\code-projects\.venv\Lib\site-packages\dbt\adapters\contracts\connection.py", line 96, in handle
    self._handle.resolve(self)
    ~~~~~~~~~~~~~~~~~~~~^^^^^^
  File "c:\Users\Bruno Guerreiro\Documents\code-projects\.venv\Lib\site-packages\dbt\adapters\contracts\connection.py", line 120, in resolve
    return self.opener(connection)
           ~~~~~~~~~~~^^^^^^^^^^^^
  File "c:\Users\Bruno Guerreiro\Documents\code-projects\.venv\Lib\site-packages\dbt\adapters\bigquery\connections.py", line 195, in open
    connection.handle = create_bigquery_client(connection.credentials)
                        ~~~~~~~~~~~~~~~~~~~~~~^^^^^^^^^^^^^^^^^^^^^^^^
  File "c:\Users\Bruno Guerreiro\Documents\code-projects\.venv\Lib\site-packages\dbt\adapters\bigquery\clients.py", line 24, in create_bigquery_client
    return _create_bigquery_client(credentials)
  File "c:\Users\Bruno Guerreiro\Documents\code-projects\.venv\Lib\site-packages\google\api_core\retry\retry_unary.py", line 293, in retry_wrapped_func
    return retry_target(
        target,
    ...<3 lines>...
        on_error=on_error,
    )
  File "c:\Users\Bruno Guerreiro\Documents\code-projects\.venv\Lib\site-packages\google\api_core\retry\retry_unary.py", line 144, in retry_target
    result = target()
  File "c:\Users\Bruno Guerreiro\Documents\code-projects\.venv\Lib\site-packages\dbt\adapters\bigquery\clients.py", line 61, in _create_bigquery_client
    create_google_credentials(credentials),
    ~~~~~~~~~~~~~~~~~~~~~~~~~^^^^^^^^^^^^^
  File "c:\Users\Bruno Guerreiro\Documents\code-projects\.venv\Lib\site-packages\dbt\adapters\bigquery\credentials.py", line 178, in create_google_credentials
    return _create_google_credentials(credentials)
  File "c:\Users\Bruno Guerreiro\Documents\code-projects\.venv\Lib\site-packages\dbt\adapters\bigquery\credentials.py", line 197, in _create_google_credentials
    creds, _ = _create_bigquery_defaults(scopes=credentials.scopes)
               ~~~~~~~~~~~~~~~~~~~~~~~~~^^^^^^^^^^^^^^^^^^^^^^^^^^^
  File "c:\Users\Bruno Guerreiro\Documents\code-projects\.venv\Lib\site-packages\dbt\adapters\bigquery\credentials.py", line 237, in _create_bigquery_defaults
    return default(scopes=scopes)
  File "c:\Users\Bruno Guerreiro\Documents\code-projects\.venv\Lib\site-packages\google\auth\_default.py", line 685, in default
    credentials, project_id = checker()
                              ~~~~~~~^^
  File "c:\Users\Bruno Guerreiro\Documents\code-projects\.venv\Lib\site-packages\google\auth\_default.py", line 681, in <lambda>
    lambda: _get_gce_credentials(request, quota_project_id=quota_project_id),
            ~~~~~~~~~~~~~~~~~~~~^^^^^^^^^^^^^^^^^^^^^^^^^^^^^^^^^^^^^^^^^^^^
  File "c:\Users\Bruno Guerreiro\Documents\code-projects\.venv\Lib\site-packages\google\auth\_default.py", line 350, in _get_gce_credentials
    if _metadata.is_on_gce(request=request):
       ~~~~~~~~~~~~~~~~~~~^^^^^^^^^^^^^^^^^
  File "c:\Users\Bruno Guerreiro\Documents\code-projects\.venv\Lib\site-packages\google\auth\compute_engine\_metadata.py", line 78, in is_on_gce
    if ping(request):
       ~~~~^^^^^^^^^
  File "c:\Users\Bruno Guerreiro\Documents\code-projects\.venv\Lib\site-packages\google\auth\compute_engine\_metadata.py", line 131, in ping
    response = request(
        url=_METADATA_IP_ROOT, method="GET", headers=headers, timeout=timeout
    )
  File "c:\Users\Bruno Guerreiro\Documents\code-projects\.venv\Lib\site-packages\google\auth\transport\_http_client.py", line 104, in __call__
    connection.request(method, path, body=body, headers=headers, **kwargs)
    ~~~~~~~~~~~~~~~~~~^^^^^^^^^^^^^^^^^^^^^^^^^^^^^^^^^^^^^^^^^^^^^^^^^^^^
  File "C:\Users\Bruno Guerreiro\AppData\Local\Programs\Python\Python313\Lib\http\client.py", line 1336, in request
    self._send_request(method, url, body, headers, encode_chunked)
    ~~~~~~~~~~~~~~~~~~^^^^^^^^^^^^^^^^^^^^^^^^^^^^^^^^^^^^^^^^^^^^
  File "C:\Users\Bruno Guerreiro\AppData\Local\Programs\Python\Python313\Lib\http\client.py", line 1382, in _send_request
    self.endheaders(body, encode_chunked=encode_chunked)
    ~~~~~~~~~~~~~~~^^^^^^^^^^^^^^^^^^^^^^^^^^^^^^^^^^^^^
  File "C:\Users\Bruno Guerreiro\AppData\Local\Programs\Python\Python313\Lib\http\client.py", line 1331, in endheaders
    self._send_output(message_body, encode_chunked=encode_chunked)
    ~~~~~~~~~~~~~~~~~^^^^^^^^^^^^^^^^^^^^^^^^^^^^^^^^^^^^^^^^^^^^^
  File "C:\Users\Bruno Guerreiro\AppData\Local\Programs\Python\Python313\Lib\http\client.py", line 1091, in _send_output
    self.send(msg)
    ~~~~~~~~~^^^^^
  File "C:\Users\Bruno Guerreiro\AppData\Local\Programs\Python\Python313\Lib\http\client.py", line 1035, in send
    self.connect()
    ~~~~~~~~~~~~^^
  File "C:\Users\Bruno Guerreiro\AppData\Local\Programs\Python\Python313\Lib\http\client.py", line 1001, in connect
    self.sock = self._create_connection(
                ~~~~~~~~~~~~~~~~~~~~~~~^
        (self.host,self.port), self.timeout, self.source_address)
        ^^^^^^^^^^^^^^^^^^^^^^^^^^^^^^^^^^^^^^^^^^^^^^^^^^^^^^^^^
  File "C:\Users\Bruno Guerreiro\AppData\Local\Programs\Python\Python313\Lib\socket.py", line 856, in create_connection
    exceptions.clear()  # raise only the last error
    ~~~~~~~~~~~~~~~~^^
KeyboardInterrupt

[0m11:51:53.297728 [debug] [MainThread]: Command `dbt debug` failed at 11:51:53.297561 after 11.78 seconds
[0m11:51:53.298058 [debug] [MainThread]: Connection 'debug' was properly closed.
[0m11:51:53.298330 [debug] [MainThread]: Opening a new connection, currently in state init
[0m11:52:05.157685 [debug] [MainThread]: BigQuery adapter: Got an error when attempting to create a bigquery " "client: 'Runtime Error
  Failed to authenticate with supplied credentials
  error:
  Your default credentials were not found. To set up Application Default Credentials, see https://cloud.google.com/docs/authentication/external/set-up-adc for more information.'
[0m11:52:05.158315 [error] [MainThread]: Encountered an error:
Database Error
  Runtime Error
    Failed to authenticate with supplied credentials
    error:
    Your default credentials were not found. To set up Application Default Credentials, see https://cloud.google.com/docs/authentication/external/set-up-adc for more information.
[0m11:52:05.159130 [debug] [MainThread]: Sending event: {'category': 'dbt', 'action': 'invocation', 'label': 'end', 'context': [<snowplow_tracker.self_describing_json.SelfDescribingJson object at 0x000001E1CBD756E0>, <snowplow_tracker.self_describing_json.SelfDescribingJson object at 0x000001E1CBD9D250>, <snowplow_tracker.self_describing_json.SelfDescribingJson object at 0x000001E1CBEF0490>]}
[0m11:52:05.159524 [debug] [MainThread]: Flushing usage events
[0m11:52:05.716061 [debug] [MainThread]: An error was encountered while trying to flush usage events
[0m11:53:05.516973 [debug] [MainThread]: Sending event: {'category': 'dbt', 'action': 'invocation', 'label': 'start', 'context': [<snowplow_tracker.self_describing_json.SelfDescribingJson object at 0x000001E47E77E900>, <snowplow_tracker.self_describing_json.SelfDescribingJson object at 0x000001E47F42D6D0>, <snowplow_tracker.self_describing_json.SelfDescribingJson object at 0x000001E47F42D450>]}


============================== 11:53:05.520979 | 0f3db5c9-6fa3-424e-9019-c116cef73d83 ==============================
[0m11:53:05.520979 [info ] [MainThread]: Running with dbt=1.9.4
[0m11:53:05.521596 [debug] [MainThread]: running dbt with arguments {'printer_width': '80', 'indirect_selection': 'eager', 'write_json': 'True', 'log_cache_events': 'False', 'partial_parse': 'True', 'cache_selected_only': 'False', 'profiles_dir': 'C:\\Users\\Bruno Guerreiro\\.dbt', 'fail_fast': 'False', 'warn_error': 'None', 'log_path': 'C:\\Users\\Bruno Guerreiro\\Documents\\code-projects\\gcp-biomarkers\\bg_nhanes_project\\logs', 'version_check': 'True', 'debug': 'False', 'use_colors': 'True', 'use_experimental_parser': 'False', 'no_print': 'None', 'quiet': 'False', 'empty': 'None', 'log_format': 'default', 'introspect': 'True', 'static_parser': 'True', 'invocation_command': 'dbt debug', 'target_path': 'None', 'warn_error_options': 'WarnErrorOptions(include=[], exclude=[])', 'send_anonymous_usage_stats': 'True'}
[0m11:53:05.539607 [info ] [MainThread]: dbt version: 1.9.4
[0m11:53:05.540070 [info ] [MainThread]: python version: 3.13.1
[0m11:53:05.540422 [info ] [MainThread]: python path: c:\Users\Bruno Guerreiro\Documents\code-projects\.venv\Scripts\python.exe
[0m11:53:05.540769 [info ] [MainThread]: os info: Windows-10-10.0.19045-SP0
[0m11:53:06.433479 [info ] [MainThread]: Using profiles dir at C:\Users\Bruno Guerreiro\.dbt
[0m11:53:06.434087 [info ] [MainThread]: Using profiles.yml file at C:\Users\Bruno Guerreiro\.dbt\profiles.yml
[0m11:53:06.434506 [info ] [MainThread]: Using dbt_project.yml file at C:\Users\Bruno Guerreiro\Documents\code-projects\gcp-biomarkers\bg_nhanes_project\dbt_project.yml
[0m11:53:06.434978 [info ] [MainThread]: adapter type: bigquery
[0m11:53:06.435399 [info ] [MainThread]: adapter version: 1.9.1
[0m11:53:06.521635 [info ] [MainThread]: Configuration:
[0m11:53:06.522176 [info ] [MainThread]:   profiles.yml file [[32mOK found and valid[0m]
[0m11:53:06.522596 [info ] [MainThread]:   dbt_project.yml file [[32mOK found and valid[0m]
[0m11:53:06.523078 [info ] [MainThread]: Required dependencies:
[0m11:53:06.523498 [debug] [MainThread]: Executing "git --help"
[0m11:53:06.589308 [debug] [MainThread]: STDOUT: "b"usage: git [-v | --version] [-h | --help] [-C <path>] [-c <name>=<value>]\n           [--exec-path[=<path>]] [--html-path] [--man-path] [--info-path]\n           [-p | --paginate | -P | --no-pager] [--no-replace-objects] [--bare]\n           [--git-dir=<path>] [--work-tree=<path>] [--namespace=<name>]\n           [--super-prefix=<path>] [--config-env=<name>=<envvar>]\n           <command> [<args>]\n\nThese are common Git commands used in various situations:\n\nstart a working area (see also: git help tutorial)\n   clone     Clone a repository into a new directory\n   init      Create an empty Git repository or reinitialize an existing one\n\nwork on the current change (see also: git help everyday)\n   add       Add file contents to the index\n   mv        Move or rename a file, a directory, or a symlink\n   restore   Restore working tree files\n   rm        Remove files from the working tree and from the index\n\nexamine the history and state (see also: git help revisions)\n   bisect    Use binary search to find the commit that introduced a bug\n   diff      Show changes between commits, commit and working tree, etc\n   grep      Print lines matching a pattern\n   log       Show commit logs\n   show      Show various types of objects\n   status    Show the working tree status\n\ngrow, mark and tweak your common history\n   branch    List, create, or delete branches\n   commit    Record changes to the repository\n   merge     Join two or more development histories together\n   rebase    Reapply commits on top of another base tip\n   reset     Reset current HEAD to the specified state\n   switch    Switch branches\n   tag       Create, list, delete or verify a tag object signed with GPG\n\ncollaborate (see also: git help workflows)\n   fetch     Download objects and refs from another repository\n   pull      Fetch from and integrate with another repository or a local branch\n   push      Update remote refs along with associated objects\n\n'git help -a' and 'git help -g' list available subcommands and some\nconcept guides. See 'git help <command>' or 'git help <concept>'\nto read about a specific subcommand or concept.\nSee 'git help git' for an overview of the system.\n""
[0m11:53:06.589745 [debug] [MainThread]: STDERR: "b''"
[0m11:53:06.590075 [info ] [MainThread]:  - git [[32mOK found[0m]

[0m11:53:06.590519 [info ] [MainThread]: Connection:
[0m11:53:06.590928 [info ] [MainThread]:   method: oauth
[0m11:53:06.591311 [info ] [MainThread]:   database: bg-gcp-biomarkers
[0m11:53:06.591687 [info ] [MainThread]:   execution_project: bg-gcp-biomarkers
[0m11:53:06.592063 [info ] [MainThread]:   schema: raw
[0m11:53:06.592431 [info ] [MainThread]:   location: US
[0m11:53:06.592754 [info ] [MainThread]:   priority: interactive
[0m11:53:06.593070 [info ] [MainThread]:   maximum_bytes_billed: None
[0m11:53:06.593385 [info ] [MainThread]:   impersonate_service_account: None
[0m11:53:06.593708 [info ] [MainThread]:   job_retry_deadline_seconds: None
[0m11:53:06.594025 [info ] [MainThread]:   job_retries: 1
[0m11:53:06.594336 [info ] [MainThread]:   job_creation_timeout_seconds: None
[0m11:53:06.594649 [info ] [MainThread]:   job_execution_timeout_seconds: 300
[0m11:53:06.594959 [info ] [MainThread]:   timeout_seconds: 300
[0m11:53:06.595285 [info ] [MainThread]:   client_id: None
[0m11:53:06.595617 [info ] [MainThread]:   token_uri: None
[0m11:53:06.595936 [info ] [MainThread]:   dataproc_region: None
[0m11:53:06.596297 [info ] [MainThread]:   dataproc_cluster_name: None
[0m11:53:06.596665 [info ] [MainThread]:   gcs_bucket: None
[0m11:53:06.597078 [info ] [MainThread]:   dataproc_batch: None
[0m11:53:06.597745 [info ] [MainThread]: Registered adapter: bigquery=1.9.1
[0m11:53:07.004721 [debug] [MainThread]: Acquiring new bigquery connection 'debug'
[0m11:53:07.005078 [debug] [MainThread]: On debug: select 1 as id
[0m11:53:07.005382 [debug] [MainThread]: Opening a new connection, currently in state init
[0m11:53:19.005324 [debug] [MainThread]: BigQuery adapter: Got an error when attempting to create a bigquery " "client: 'Runtime Error
  Failed to authenticate with supplied credentials
  error:
  Your default credentials were not found. To set up Application Default Credentials, see https://cloud.google.com/docs/authentication/external/set-up-adc for more information.'
[0m11:53:19.005713 [debug] [MainThread]: BigQuery adapter: Unhandled error while running:
select 1 as id
[0m11:53:19.005988 [debug] [MainThread]: BigQuery adapter: Database Error
  Runtime Error
    Failed to authenticate with supplied credentials
    error:
    Your default credentials were not found. To set up Application Default Credentials, see https://cloud.google.com/docs/authentication/external/set-up-adc for more information.
[0m11:53:19.006269 [info ] [MainThread]:   Connection test: [[31mERROR[0m]

[0m11:53:19.006686 [info ] [MainThread]: [31m1 check failed:[0m
[0m11:53:19.007074 [info ] [MainThread]: dbt was unable to connect to the specified database.
The database returned the following error:

  >'NoneType' object has no attribute 'close'

Check your database credentials and try again. For more information, visit:
https://docs.getdbt.com/docs/configure-your-profile


[0m11:53:19.008215 [debug] [MainThread]: Command `dbt debug` failed at 11:53:19.008108 after 13.59 seconds
[0m11:53:19.008528 [debug] [MainThread]: Sending event: {'category': 'dbt', 'action': 'invocation', 'label': 'end', 'context': [<snowplow_tracker.self_describing_json.SelfDescribingJson object at 0x000001E421EE0E90>, <snowplow_tracker.self_describing_json.SelfDescribingJson object at 0x000001E421F09130>, <snowplow_tracker.self_describing_json.SelfDescribingJson object at 0x000001E422060380>]}
[0m11:53:19.008856 [debug] [MainThread]: Flushing usage events
[0m11:53:19.549095 [debug] [MainThread]: An error was encountered while trying to flush usage events
[0m11:54:38.095574 [debug] [MainThread]: Sending event: {'category': 'dbt', 'action': 'invocation', 'label': 'start', 'context': [<snowplow_tracker.self_describing_json.SelfDescribingJson object at 0x000001531ADBE900>, <snowplow_tracker.self_describing_json.SelfDescribingJson object at 0x000001531BA5D6D0>, <snowplow_tracker.self_describing_json.SelfDescribingJson object at 0x000001531BA5D450>]}


============================== 11:54:38.099422 | a3519b53-aeb1-4b9b-92c2-ed684b1554e3 ==============================
[0m11:54:38.099422 [info ] [MainThread]: Running with dbt=1.9.4
[0m11:54:38.100022 [debug] [MainThread]: running dbt with arguments {'printer_width': '80', 'indirect_selection': 'eager', 'write_json': 'True', 'log_cache_events': 'False', 'partial_parse': 'True', 'cache_selected_only': 'False', 'profiles_dir': 'C:\\Users\\Bruno Guerreiro\\.dbt', 'version_check': 'True', 'debug': 'False', 'log_path': 'C:\\Users\\Bruno Guerreiro\\Documents\\code-projects\\gcp-biomarkers\\bg_nhanes_project\\logs', 'warn_error': 'None', 'fail_fast': 'False', 'use_colors': 'True', 'use_experimental_parser': 'False', 'empty': 'None', 'quiet': 'False', 'no_print': 'None', 'log_format': 'default', 'static_parser': 'True', 'introspect': 'True', 'warn_error_options': 'WarnErrorOptions(include=[], exclude=[])', 'target_path': 'None', 'invocation_command': 'dbt debug', 'send_anonymous_usage_stats': 'True'}
[0m11:54:38.116291 [info ] [MainThread]: dbt version: 1.9.4
[0m11:54:38.116755 [info ] [MainThread]: python version: 3.13.1
[0m11:54:38.117103 [info ] [MainThread]: python path: c:\Users\Bruno Guerreiro\Documents\code-projects\.venv\Scripts\python.exe
[0m11:54:38.117426 [info ] [MainThread]: os info: Windows-10-10.0.19045-SP0
[0m11:54:38.946237 [info ] [MainThread]: Using profiles dir at C:\Users\Bruno Guerreiro\.dbt
[0m11:54:38.946776 [info ] [MainThread]: Using profiles.yml file at C:\Users\Bruno Guerreiro\.dbt\profiles.yml
[0m11:54:38.947218 [info ] [MainThread]: Using dbt_project.yml file at C:\Users\Bruno Guerreiro\Documents\code-projects\gcp-biomarkers\bg_nhanes_project\dbt_project.yml
[0m11:54:38.947634 [info ] [MainThread]: adapter type: bigquery
[0m11:54:38.947970 [info ] [MainThread]: adapter version: 1.9.1
[0m11:54:39.032218 [info ] [MainThread]: Configuration:
[0m11:54:39.032769 [info ] [MainThread]:   profiles.yml file [[32mOK found and valid[0m]
[0m11:54:39.033212 [info ] [MainThread]:   dbt_project.yml file [[32mOK found and valid[0m]
[0m11:54:39.033665 [info ] [MainThread]: Required dependencies:
[0m11:54:39.034117 [debug] [MainThread]: Executing "git --help"
[0m11:54:39.099740 [debug] [MainThread]: STDOUT: "b"usage: git [-v | --version] [-h | --help] [-C <path>] [-c <name>=<value>]\n           [--exec-path[=<path>]] [--html-path] [--man-path] [--info-path]\n           [-p | --paginate | -P | --no-pager] [--no-replace-objects] [--bare]\n           [--git-dir=<path>] [--work-tree=<path>] [--namespace=<name>]\n           [--super-prefix=<path>] [--config-env=<name>=<envvar>]\n           <command> [<args>]\n\nThese are common Git commands used in various situations:\n\nstart a working area (see also: git help tutorial)\n   clone     Clone a repository into a new directory\n   init      Create an empty Git repository or reinitialize an existing one\n\nwork on the current change (see also: git help everyday)\n   add       Add file contents to the index\n   mv        Move or rename a file, a directory, or a symlink\n   restore   Restore working tree files\n   rm        Remove files from the working tree and from the index\n\nexamine the history and state (see also: git help revisions)\n   bisect    Use binary search to find the commit that introduced a bug\n   diff      Show changes between commits, commit and working tree, etc\n   grep      Print lines matching a pattern\n   log       Show commit logs\n   show      Show various types of objects\n   status    Show the working tree status\n\ngrow, mark and tweak your common history\n   branch    List, create, or delete branches\n   commit    Record changes to the repository\n   merge     Join two or more development histories together\n   rebase    Reapply commits on top of another base tip\n   reset     Reset current HEAD to the specified state\n   switch    Switch branches\n   tag       Create, list, delete or verify a tag object signed with GPG\n\ncollaborate (see also: git help workflows)\n   fetch     Download objects and refs from another repository\n   pull      Fetch from and integrate with another repository or a local branch\n   push      Update remote refs along with associated objects\n\n'git help -a' and 'git help -g' list available subcommands and some\nconcept guides. See 'git help <command>' or 'git help <concept>'\nto read about a specific subcommand or concept.\nSee 'git help git' for an overview of the system.\n""
[0m11:54:39.100180 [debug] [MainThread]: STDERR: "b''"
[0m11:54:39.100499 [info ] [MainThread]:  - git [[32mOK found[0m]

[0m11:54:39.100937 [info ] [MainThread]: Connection:
[0m11:54:39.101318 [info ] [MainThread]:   method: oauth
[0m11:54:39.101652 [info ] [MainThread]:   database: bg-gcp-biomarkers
[0m11:54:39.101971 [info ] [MainThread]:   execution_project: bg-gcp-biomarkers
[0m11:54:39.102283 [info ] [MainThread]:   schema: raw
[0m11:54:39.102594 [info ] [MainThread]:   location: US
[0m11:54:39.102906 [info ] [MainThread]:   priority: interactive
[0m11:54:39.103222 [info ] [MainThread]:   maximum_bytes_billed: None
[0m11:54:39.103534 [info ] [MainThread]:   impersonate_service_account: None
[0m11:54:39.103847 [info ] [MainThread]:   job_retry_deadline_seconds: None
[0m11:54:39.104160 [info ] [MainThread]:   job_retries: 1
[0m11:54:39.104470 [info ] [MainThread]:   job_creation_timeout_seconds: None
[0m11:54:39.104782 [info ] [MainThread]:   job_execution_timeout_seconds: 300
[0m11:54:39.105096 [info ] [MainThread]:   timeout_seconds: 300
[0m11:54:39.105406 [info ] [MainThread]:   client_id: None
[0m11:54:39.105715 [info ] [MainThread]:   token_uri: None
[0m11:54:39.106023 [info ] [MainThread]:   dataproc_region: None
[0m11:54:39.106359 [info ] [MainThread]:   dataproc_cluster_name: None
[0m11:54:39.106685 [info ] [MainThread]:   gcs_bucket: None
[0m11:54:39.107008 [info ] [MainThread]:   dataproc_batch: None
[0m11:54:39.107573 [info ] [MainThread]: Registered adapter: bigquery=1.9.1
[0m11:54:39.493285 [debug] [MainThread]: Acquiring new bigquery connection 'debug'
[0m11:54:39.493651 [debug] [MainThread]: On debug: select 1 as id
[0m11:54:39.493956 [debug] [MainThread]: Opening a new connection, currently in state init
[0m11:54:42.127545 [debug] [MainThread]: BigQuery adapter: https://console.cloud.google.com/bigquery?project=bg-gcp-biomarkers&j=bq:US:bf5dbe5b-5d75-4995-afcc-799b7ffb2a2a&page=queryresults
[0m11:54:44.474080 [info ] [MainThread]:   Connection test: [[32mOK connection ok[0m]

[0m11:54:44.474675 [info ] [MainThread]: [32mAll checks passed![0m
[0m11:54:44.475626 [debug] [MainThread]: Command `dbt debug` succeeded at 11:54:44.475518 after 6.47 seconds
[0m11:54:44.475901 [debug] [MainThread]: Connection 'debug' was properly closed.
[0m11:54:44.476200 [debug] [MainThread]: Sending event: {'category': 'dbt', 'action': 'invocation', 'label': 'end', 'context': [<snowplow_tracker.self_describing_json.SelfDescribingJson object at 0x000001533E404D60>, <snowplow_tracker.self_describing_json.SelfDescribingJson object at 0x000001533E42D490>, <snowplow_tracker.self_describing_json.SelfDescribingJson object at 0x000001533E22FAC0>]}
[0m11:54:44.476536 [debug] [MainThread]: Flushing usage events
[0m11:54:44.967586 [debug] [MainThread]: An error was encountered while trying to flush usage events
[0m11:55:45.515306 [debug] [MainThread]: Sending event: {'category': 'dbt', 'action': 'invocation', 'label': 'start', 'context': [<snowplow_tracker.self_describing_json.SelfDescribingJson object at 0x000002C7B141E900>, <snowplow_tracker.self_describing_json.SelfDescribingJson object at 0x000002C7B20BD6D0>, <snowplow_tracker.self_describing_json.SelfDescribingJson object at 0x000002C7B20BD450>]}


============================== 11:55:45.519785 | 4633dc83-3120-4419-bc4d-1e05cdb72e27 ==============================
[0m11:55:45.519785 [info ] [MainThread]: Running with dbt=1.9.4
[0m11:55:45.520412 [debug] [MainThread]: running dbt with arguments {'printer_width': '80', 'indirect_selection': 'eager', 'log_cache_events': 'False', 'write_json': 'True', 'partial_parse': 'True', 'cache_selected_only': 'False', 'warn_error': 'None', 'version_check': 'True', 'profiles_dir': 'C:\\Users\\Bruno Guerreiro\\.dbt', 'log_path': 'C:\\Users\\Bruno Guerreiro\\Documents\\code-projects\\gcp-biomarkers\\bg_nhanes_project\\logs', 'debug': 'False', 'fail_fast': 'False', 'use_colors': 'True', 'use_experimental_parser': 'False', 'empty': 'False', 'quiet': 'False', 'no_print': 'None', 'log_format': 'default', 'introspect': 'True', 'static_parser': 'True', 'warn_error_options': 'WarnErrorOptions(include=[], exclude=[])', 'target_path': 'None', 'invocation_command': 'dbt run', 'send_anonymous_usage_stats': 'True'}
[0m11:55:46.579681 [debug] [MainThread]: Sending event: {'category': 'dbt', 'action': 'project_id', 'label': '4633dc83-3120-4419-bc4d-1e05cdb72e27', 'context': [<snowplow_tracker.self_describing_json.SelfDescribingJson object at 0x000002C7D4997100>]}
[0m11:55:46.634787 [debug] [MainThread]: Sending event: {'category': 'dbt', 'action': 'adapter_info', 'label': '4633dc83-3120-4419-bc4d-1e05cdb72e27', 'context': [<snowplow_tracker.self_describing_json.SelfDescribingJson object at 0x000002C7D48D0490>]}
[0m11:55:46.635454 [info ] [MainThread]: Registered adapter: bigquery=1.9.1
[0m11:55:47.042295 [debug] [MainThread]: checksum: b5597158181700c50f5bc1c71fe28b37a6fb85633dc5323885263678b6bc782c, vars: {}, profile: , target: , version: 1.9.4
[0m11:55:48.142729 [debug] [MainThread]: Partial parsing enabled: 0 files deleted, 0 files added, 0 files changed.
[0m11:55:48.143097 [debug] [MainThread]: Partial parsing enabled, no changes found, skipping parsing
[0m11:55:48.184072 [debug] [MainThread]: Sending event: {'category': 'dbt', 'action': 'load_project', 'label': '4633dc83-3120-4419-bc4d-1e05cdb72e27', 'context': [<snowplow_tracker.self_describing_json.SelfDescribingJson object at 0x000002C7D4C65450>]}
[0m11:55:48.258140 [debug] [MainThread]: Wrote artifact WritableManifest to C:\Users\Bruno Guerreiro\Documents\code-projects\gcp-biomarkers\bg_nhanes_project\target\manifest.json
[0m11:55:48.262775 [debug] [MainThread]: Wrote artifact SemanticManifest to C:\Users\Bruno Guerreiro\Documents\code-projects\gcp-biomarkers\bg_nhanes_project\target\semantic_manifest.json
[0m11:55:48.286556 [debug] [MainThread]: Sending event: {'category': 'dbt', 'action': 'resource_counts', 'label': '4633dc83-3120-4419-bc4d-1e05cdb72e27', 'context': [<snowplow_tracker.self_describing_json.SelfDescribingJson object at 0x000002C7B1FB6300>]}
[0m11:55:48.286993 [info ] [MainThread]: Found 3 models, 6 data tests, 1 source, 491 macros
[0m11:55:48.287479 [debug] [MainThread]: Sending event: {'category': 'dbt', 'action': 'runnable_timing', 'label': '4633dc83-3120-4419-bc4d-1e05cdb72e27', 'context': [<snowplow_tracker.self_describing_json.SelfDescribingJson object at 0x000002C7D4E59D30>]}
[0m11:55:48.289286 [info ] [MainThread]: 
[0m11:55:48.289744 [info ] [MainThread]: Concurrency: 4 threads (target='dev')
[0m11:55:48.290136 [info ] [MainThread]: 
[0m11:55:48.290656 [debug] [MainThread]: Acquiring new bigquery connection 'master'
[0m11:55:48.294145 [debug] [ThreadPool]: Acquiring new bigquery connection 'list_bg-gcp-biomarkers'
[0m11:55:48.294490 [debug] [ThreadPool]: Opening a new connection, currently in state init
[0m11:55:50.069981 [debug] [ThreadPool]: Acquiring new bigquery connection 'list_bg-gcp-biomarkers_raw'
[0m11:55:50.070349 [debug] [ThreadPool]: Opening a new connection, currently in state init
[0m11:55:50.444776 [debug] [MainThread]: Sending event: {'category': 'dbt', 'action': 'runnable_timing', 'label': '4633dc83-3120-4419-bc4d-1e05cdb72e27', 'context': [<snowplow_tracker.self_describing_json.SelfDescribingJson object at 0x000002C7D4E0F5F0>]}
[0m11:55:50.445198 [debug] [MainThread]: Opening a new connection, currently in state init
[0m11:55:50.461439 [debug] [Thread-1 (]: Began running node model.bg_nhanes_project.stg_health_data
[0m11:55:50.461909 [info ] [Thread-1 (]: 1 of 3 START sql view model raw.stg_health_data ................................ [RUN]
[0m11:55:50.462477 [debug] [Thread-1 (]: Acquiring new bigquery connection 'model.bg_nhanes_project.stg_health_data'
[0m11:55:50.462777 [debug] [Thread-1 (]: Began compiling node model.bg_nhanes_project.stg_health_data
[0m11:55:50.469874 [debug] [Thread-1 (]: Writing injected SQL for node "model.bg_nhanes_project.stg_health_data"
[0m11:55:50.471221 [debug] [Thread-1 (]: Began executing node model.bg_nhanes_project.stg_health_data
[0m11:55:50.495329 [debug] [Thread-1 (]: Writing runtime sql for node "model.bg_nhanes_project.stg_health_data"
[0m11:55:50.496908 [debug] [Thread-1 (]: On model.bg_nhanes_project.stg_health_data: /* {"app": "dbt", "dbt_version": "1.9.4", "profile_name": "bg_nhanes_project", "target_name": "dev", "node_id": "model.bg_nhanes_project.stg_health_data"} */


  create or replace view `bg-gcp-biomarkers`.`raw`.`stg_health_data`
  OPTIONS()
  as SELECT
  SEQN,
  RIAGENDR AS gender,
  RIDAGEYR AS age,
  LBXTC AS cholesterol
FROM `raw`.`raw_health_data`.`raw_health_data`
WHERE RIDAGEYR IS NOT NULL AND LBXTC IS NOT NULL;


[0m11:55:50.497270 [debug] [Thread-1 (]: Opening a new connection, currently in state init
[0m11:55:50.833833 [debug] [Thread-1 (]: BigQuery adapter: https://console.cloud.google.com/bigquery?project=bg-gcp-biomarkers&j=bq:US:b5899ca2-bc2b-439a-8457-cb6b70d43f6d&page=queryresults
[0m11:55:50.834295 [error] [Thread-1 (]: BigQuery adapter: https://console.cloud.google.com/bigquery?project=bg-gcp-biomarkers&j=bq:US:b5899ca2-bc2b-439a-8457-cb6b70d43f6d&page=queryresults
[0m11:55:50.841819 [debug] [Thread-1 (]: Database Error in model stg_health_data (models\cdc_nhanes\stg_health_data.sql)
  Not found: Dataset bg-gcp-biomarkers:raw was not found in location US
  compiled code at target\run\bg_nhanes_project\models\cdc_nhanes\stg_health_data.sql
[0m11:55:50.843582 [debug] [Thread-1 (]: Sending event: {'category': 'dbt', 'action': 'run_model', 'label': '4633dc83-3120-4419-bc4d-1e05cdb72e27', 'context': [<snowplow_tracker.self_describing_json.SelfDescribingJson object at 0x000002C7D4DFE390>]}
[0m11:55:50.844126 [error] [Thread-1 (]: 1 of 3 ERROR creating sql view model raw.stg_health_data ....................... [[31mERROR[0m in 0.38s]
[0m11:55:50.844783 [debug] [Thread-1 (]: Finished running node model.bg_nhanes_project.stg_health_data
[0m11:55:50.845291 [debug] [Thread-7 (]: Marking all children of 'model.bg_nhanes_project.stg_health_data' to be skipped because of status 'error'.  Reason: Database Error in model stg_health_data (models\cdc_nhanes\stg_health_data.sql)
  Not found: Dataset bg-gcp-biomarkers:raw was not found in location US
  compiled code at target\run\bg_nhanes_project\models\cdc_nhanes\stg_health_data.sql.
[0m11:55:50.846352 [debug] [Thread-2 (]: Began running node model.bg_nhanes_project.int_biomarkers_enriched
[0m11:55:50.846726 [info ] [Thread-2 (]: 2 of 3 SKIP relation raw.int_biomarkers_enriched ............................... [[33mSKIP[0m]
[0m11:55:50.847235 [debug] [Thread-2 (]: Finished running node model.bg_nhanes_project.int_biomarkers_enriched
[0m11:55:50.847732 [debug] [Thread-3 (]: Began running node model.bg_nhanes_project.fct_longevity_summary
[0m11:55:50.848120 [info ] [Thread-3 (]: 3 of 3 SKIP relation raw.fct_longevity_summary ................................. [[33mSKIP[0m]
[0m11:55:50.848606 [debug] [Thread-3 (]: Finished running node model.bg_nhanes_project.fct_longevity_summary
[0m11:55:50.849582 [debug] [MainThread]: Opening a new connection, currently in state closed
[0m11:55:50.850060 [debug] [MainThread]: Connection 'master' was properly closed.
[0m11:55:50.850317 [debug] [MainThread]: Connection 'list_bg-gcp-biomarkers' was properly closed.
[0m11:55:50.850558 [debug] [MainThread]: Connection 'list_bg-gcp-biomarkers_raw' was properly closed.
[0m11:55:50.850797 [debug] [MainThread]: Connection 'model.bg_nhanes_project.stg_health_data' was properly closed.
[0m11:55:50.851096 [info ] [MainThread]: 
[0m11:55:50.851479 [info ] [MainThread]: Finished running 3 view models in 0 hours 0 minutes and 2.56 seconds (2.56s).
[0m11:55:50.852234 [debug] [MainThread]: Command end result
[0m11:55:50.871887 [debug] [MainThread]: Wrote artifact WritableManifest to C:\Users\Bruno Guerreiro\Documents\code-projects\gcp-biomarkers\bg_nhanes_project\target\manifest.json
[0m11:55:50.873945 [debug] [MainThread]: Wrote artifact SemanticManifest to C:\Users\Bruno Guerreiro\Documents\code-projects\gcp-biomarkers\bg_nhanes_project\target\semantic_manifest.json
[0m11:55:50.879005 [debug] [MainThread]: Wrote artifact RunExecutionResult to C:\Users\Bruno Guerreiro\Documents\code-projects\gcp-biomarkers\bg_nhanes_project\target\run_results.json
[0m11:55:50.879326 [info ] [MainThread]: 
[0m11:55:50.879907 [info ] [MainThread]: [31mCompleted with 1 error, 0 partial successes, and 0 warnings:[0m
[0m11:55:50.880350 [info ] [MainThread]: 
[0m11:55:50.880837 [error] [MainThread]:   Database Error in model stg_health_data (models\cdc_nhanes\stg_health_data.sql)
  Not found: Dataset bg-gcp-biomarkers:raw was not found in location US
  compiled code at target\run\bg_nhanes_project\models\cdc_nhanes\stg_health_data.sql
[0m11:55:50.881320 [info ] [MainThread]: 
[0m11:55:50.881727 [info ] [MainThread]: Done. PASS=0 WARN=0 ERROR=1 SKIP=2 TOTAL=3
[0m11:55:50.882705 [debug] [MainThread]: Command `dbt run` failed at 11:55:50.882596 after 5.48 seconds
[0m11:55:50.883065 [debug] [MainThread]: Sending event: {'category': 'dbt', 'action': 'invocation', 'label': 'end', 'context': [<snowplow_tracker.self_describing_json.SelfDescribingJson object at 0x000002C7D4DF78B0>, <snowplow_tracker.self_describing_json.SelfDescribingJson object at 0x000002C7D4E987D0>, <snowplow_tracker.self_describing_json.SelfDescribingJson object at 0x000002C7D4E985F0>]}
[0m11:55:50.883394 [debug] [MainThread]: Flushing usage events
[0m11:55:51.433371 [debug] [MainThread]: An error was encountered while trying to flush usage events
[0m11:57:12.390038 [debug] [MainThread]: Sending event: {'category': 'dbt', 'action': 'invocation', 'label': 'start', 'context': [<snowplow_tracker.self_describing_json.SelfDescribingJson object at 0x000001FA67D02900>, <snowplow_tracker.self_describing_json.SelfDescribingJson object at 0x000001FA689BD6D0>, <snowplow_tracker.self_describing_json.SelfDescribingJson object at 0x000001FA689BD450>]}


============================== 11:57:12.393849 | 909acb44-b2c1-4854-87e0-9d1bac756027 ==============================
[0m11:57:12.393849 [info ] [MainThread]: Running with dbt=1.9.4
[0m11:57:12.394424 [debug] [MainThread]: running dbt with arguments {'printer_width': '80', 'indirect_selection': 'eager', 'log_cache_events': 'False', 'write_json': 'True', 'partial_parse': 'True', 'cache_selected_only': 'False', 'warn_error': 'None', 'fail_fast': 'False', 'version_check': 'True', 'log_path': 'C:\\Users\\Bruno Guerreiro\\Documents\\code-projects\\gcp-biomarkers\\bg_nhanes_project\\logs', 'debug': 'False', 'profiles_dir': 'C:\\Users\\Bruno Guerreiro\\.dbt', 'use_colors': 'True', 'use_experimental_parser': 'False', 'no_print': 'None', 'quiet': 'False', 'empty': 'False', 'warn_error_options': 'WarnErrorOptions(include=[], exclude=[])', 'invocation_command': 'dbt run', 'introspect': 'True', 'log_format': 'default', 'target_path': 'None', 'static_parser': 'True', 'send_anonymous_usage_stats': 'True'}
[0m11:57:13.429813 [debug] [MainThread]: Sending event: {'category': 'dbt', 'action': 'project_id', 'label': '909acb44-b2c1-4854-87e0-9d1bac756027', 'context': [<snowplow_tracker.self_describing_json.SelfDescribingJson object at 0x000001FA0B363100>]}
[0m11:57:13.484683 [debug] [MainThread]: Sending event: {'category': 'dbt', 'action': 'adapter_info', 'label': '909acb44-b2c1-4854-87e0-9d1bac756027', 'context': [<snowplow_tracker.self_describing_json.SelfDescribingJson object at 0x000001FA0B2A4490>]}
[0m11:57:13.485341 [info ] [MainThread]: Registered adapter: bigquery=1.9.1
[0m11:57:13.898286 [debug] [MainThread]: checksum: b5597158181700c50f5bc1c71fe28b37a6fb85633dc5323885263678b6bc782c, vars: {}, profile: , target: , version: 1.9.4
[0m11:57:13.992357 [info ] [MainThread]: Unable to do partial parsing because profile has changed
[0m11:57:13.992916 [debug] [MainThread]: Sending event: {'category': 'dbt', 'action': 'partial_parser', 'label': '909acb44-b2c1-4854-87e0-9d1bac756027', 'context': [<snowplow_tracker.self_describing_json.SelfDescribingJson object at 0x000001FA0B24A750>]}
[0m11:57:15.200515 [debug] [MainThread]: Sending event: {'category': 'dbt', 'action': 'load_project', 'label': '909acb44-b2c1-4854-87e0-9d1bac756027', 'context': [<snowplow_tracker.self_describing_json.SelfDescribingJson object at 0x000001FA0B5CD9A0>]}
[0m11:57:15.268829 [debug] [MainThread]: Wrote artifact WritableManifest to C:\Users\Bruno Guerreiro\Documents\code-projects\gcp-biomarkers\bg_nhanes_project\target\manifest.json
[0m11:57:15.272380 [debug] [MainThread]: Wrote artifact SemanticManifest to C:\Users\Bruno Guerreiro\Documents\code-projects\gcp-biomarkers\bg_nhanes_project\target\semantic_manifest.json
[0m11:57:15.293734 [debug] [MainThread]: Sending event: {'category': 'dbt', 'action': 'resource_counts', 'label': '909acb44-b2c1-4854-87e0-9d1bac756027', 'context': [<snowplow_tracker.self_describing_json.SelfDescribingJson object at 0x000001FA0B846EB0>]}
[0m11:57:15.294146 [info ] [MainThread]: Found 3 models, 6 data tests, 1 source, 491 macros
[0m11:57:15.294597 [debug] [MainThread]: Sending event: {'category': 'dbt', 'action': 'runnable_timing', 'label': '909acb44-b2c1-4854-87e0-9d1bac756027', 'context': [<snowplow_tracker.self_describing_json.SelfDescribingJson object at 0x000001FA0B7C60D0>]}
[0m11:57:15.296036 [info ] [MainThread]: 
[0m11:57:15.296438 [info ] [MainThread]: Concurrency: 4 threads (target='dev')
[0m11:57:15.296811 [info ] [MainThread]: 
[0m11:57:15.297297 [debug] [MainThread]: Acquiring new bigquery connection 'master'
[0m11:57:15.300543 [debug] [ThreadPool]: Acquiring new bigquery connection 'list_bg-gcp-biomarkers'
[0m11:57:15.300902 [debug] [ThreadPool]: Opening a new connection, currently in state init
[0m11:57:16.992204 [debug] [ThreadPool]: Acquiring new bigquery connection 'list_bg-gcp-biomarkers_raw'
[0m11:57:16.992623 [debug] [ThreadPool]: Opening a new connection, currently in state init
[0m11:57:17.325955 [debug] [MainThread]: Sending event: {'category': 'dbt', 'action': 'runnable_timing', 'label': '909acb44-b2c1-4854-87e0-9d1bac756027', 'context': [<snowplow_tracker.self_describing_json.SelfDescribingJson object at 0x000001FA0BA26BD0>]}
[0m11:57:17.326356 [debug] [MainThread]: Opening a new connection, currently in state init
[0m11:57:17.329870 [debug] [Thread-1 (]: Began running node model.bg_nhanes_project.stg_health_data
[0m11:57:17.330310 [info ] [Thread-1 (]: 1 of 3 START sql view model raw.stg_health_data ................................ [RUN]
[0m11:57:17.330881 [debug] [Thread-1 (]: Acquiring new bigquery connection 'model.bg_nhanes_project.stg_health_data'
[0m11:57:17.331213 [debug] [Thread-1 (]: Began compiling node model.bg_nhanes_project.stg_health_data
[0m11:57:17.337233 [debug] [Thread-1 (]: Writing injected SQL for node "model.bg_nhanes_project.stg_health_data"
[0m11:57:17.337992 [debug] [Thread-1 (]: Began executing node model.bg_nhanes_project.stg_health_data
[0m11:57:17.362219 [debug] [Thread-1 (]: Writing runtime sql for node "model.bg_nhanes_project.stg_health_data"
[0m11:57:17.363152 [debug] [Thread-1 (]: On model.bg_nhanes_project.stg_health_data: /* {"app": "dbt", "dbt_version": "1.9.4", "profile_name": "bg_nhanes_project", "target_name": "dev", "node_id": "model.bg_nhanes_project.stg_health_data"} */


  create or replace view `bg-gcp-biomarkers`.`raw`.`stg_health_data`
  OPTIONS()
  as SELECT
  SEQN,
  RIAGENDR AS gender,
  RIDAGEYR AS age,
  LBXTC AS cholesterol
FROM `raw`.`raw_health_data`.`raw_health_data`
WHERE RIDAGEYR IS NOT NULL AND LBXTC IS NOT NULL;


[0m11:57:17.363562 [debug] [Thread-1 (]: Opening a new connection, currently in state init
[0m11:57:18.242206 [debug] [Thread-1 (]: BigQuery adapter: https://console.cloud.google.com/bigquery?project=bg-gcp-biomarkers&j=bq:us-west1:946975f8-0dc5-4297-b345-b328f68f1326&page=queryresults
[0m11:57:18.242670 [error] [Thread-1 (]: BigQuery adapter: https://console.cloud.google.com/bigquery?project=bg-gcp-biomarkers&j=bq:us-west1:946975f8-0dc5-4297-b345-b328f68f1326&page=queryresults
[0m11:57:18.250087 [debug] [Thread-1 (]: Database Error in model stg_health_data (models\cdc_nhanes\stg_health_data.sql)
  The project raw has not enabled BigQuery.
  compiled code at target\run\bg_nhanes_project\models\cdc_nhanes\stg_health_data.sql
[0m11:57:18.252191 [debug] [Thread-1 (]: Sending event: {'category': 'dbt', 'action': 'run_model', 'label': '909acb44-b2c1-4854-87e0-9d1bac756027', 'context': [<snowplow_tracker.self_describing_json.SelfDescribingJson object at 0x000001FA0B8695A0>]}
[0m11:57:18.252823 [error] [Thread-1 (]: 1 of 3 ERROR creating sql view model raw.stg_health_data ....................... [[31mERROR[0m in 0.92s]
[0m11:57:18.253537 [debug] [Thread-1 (]: Finished running node model.bg_nhanes_project.stg_health_data
[0m11:57:18.254021 [debug] [Thread-7 (]: Marking all children of 'model.bg_nhanes_project.stg_health_data' to be skipped because of status 'error'.  Reason: Database Error in model stg_health_data (models\cdc_nhanes\stg_health_data.sql)
  The project raw has not enabled BigQuery.
  compiled code at target\run\bg_nhanes_project\models\cdc_nhanes\stg_health_data.sql.
[0m11:57:18.255043 [debug] [Thread-2 (]: Began running node model.bg_nhanes_project.int_biomarkers_enriched
[0m11:57:18.255522 [info ] [Thread-2 (]: 2 of 3 SKIP relation raw.int_biomarkers_enriched ............................... [[33mSKIP[0m]
[0m11:57:18.256038 [debug] [Thread-2 (]: Finished running node model.bg_nhanes_project.int_biomarkers_enriched
[0m11:57:18.256572 [debug] [Thread-3 (]: Began running node model.bg_nhanes_project.fct_longevity_summary
[0m11:57:18.256950 [info ] [Thread-3 (]: 3 of 3 SKIP relation raw.fct_longevity_summary ................................. [[33mSKIP[0m]
[0m11:57:18.257435 [debug] [Thread-3 (]: Finished running node model.bg_nhanes_project.fct_longevity_summary
[0m11:57:18.258388 [debug] [MainThread]: Opening a new connection, currently in state closed
[0m11:57:18.258902 [debug] [MainThread]: Connection 'master' was properly closed.
[0m11:57:18.259167 [debug] [MainThread]: Connection 'list_bg-gcp-biomarkers' was properly closed.
[0m11:57:18.259405 [debug] [MainThread]: Connection 'list_bg-gcp-biomarkers_raw' was properly closed.
[0m11:57:18.259636 [debug] [MainThread]: Connection 'model.bg_nhanes_project.stg_health_data' was properly closed.
[0m11:57:18.259929 [info ] [MainThread]: 
[0m11:57:18.260320 [info ] [MainThread]: Finished running 3 view models in 0 hours 0 minutes and 2.96 seconds (2.96s).
[0m11:57:18.261041 [debug] [MainThread]: Command end result
[0m11:57:18.281138 [debug] [MainThread]: Wrote artifact WritableManifest to C:\Users\Bruno Guerreiro\Documents\code-projects\gcp-biomarkers\bg_nhanes_project\target\manifest.json
[0m11:57:18.283171 [debug] [MainThread]: Wrote artifact SemanticManifest to C:\Users\Bruno Guerreiro\Documents\code-projects\gcp-biomarkers\bg_nhanes_project\target\semantic_manifest.json
[0m11:57:18.288410 [debug] [MainThread]: Wrote artifact RunExecutionResult to C:\Users\Bruno Guerreiro\Documents\code-projects\gcp-biomarkers\bg_nhanes_project\target\run_results.json
[0m11:57:18.288754 [info ] [MainThread]: 
[0m11:57:18.289216 [info ] [MainThread]: [31mCompleted with 1 error, 0 partial successes, and 0 warnings:[0m
[0m11:57:18.289651 [info ] [MainThread]: 
[0m11:57:18.290079 [error] [MainThread]:   Database Error in model stg_health_data (models\cdc_nhanes\stg_health_data.sql)
  The project raw has not enabled BigQuery.
  compiled code at target\run\bg_nhanes_project\models\cdc_nhanes\stg_health_data.sql
[0m11:57:18.290536 [info ] [MainThread]: 
[0m11:57:18.290961 [info ] [MainThread]: Done. PASS=0 WARN=0 ERROR=1 SKIP=2 TOTAL=3
[0m11:57:18.291865 [debug] [MainThread]: Command `dbt run` failed at 11:57:18.291760 after 6.01 seconds
[0m11:57:18.292263 [debug] [MainThread]: Sending event: {'category': 'dbt', 'action': 'invocation', 'label': 'end', 'context': [<snowplow_tracker.self_describing_json.SelfDescribingJson object at 0x000001FA0B8A2CB0>, <snowplow_tracker.self_describing_json.SelfDescribingJson object at 0x000001FA0B91F260>, <snowplow_tracker.self_describing_json.SelfDescribingJson object at 0x000001FA67C876D0>]}
[0m11:57:18.292641 [debug] [MainThread]: Flushing usage events
[0m11:57:18.818601 [debug] [MainThread]: An error was encountered while trying to flush usage events
[0m11:58:40.071133 [debug] [MainThread]: Sending event: {'category': 'dbt', 'action': 'invocation', 'label': 'start', 'context': [<snowplow_tracker.self_describing_json.SelfDescribingJson object at 0x000002817A81A900>, <snowplow_tracker.self_describing_json.SelfDescribingJson object at 0x000002817B4C16D0>, <snowplow_tracker.self_describing_json.SelfDescribingJson object at 0x000002817B4C1450>]}


============================== 11:58:40.074958 | e3335297-3a5f-4d3c-b4e6-ba4fe40a307d ==============================
[0m11:58:40.074958 [info ] [MainThread]: Running with dbt=1.9.4
[0m11:58:40.075524 [debug] [MainThread]: running dbt with arguments {'printer_width': '80', 'indirect_selection': 'eager', 'write_json': 'True', 'log_cache_events': 'False', 'partial_parse': 'True', 'cache_selected_only': 'False', 'profiles_dir': 'C:\\Users\\Bruno Guerreiro\\.dbt', 'debug': 'False', 'fail_fast': 'False', 'log_path': 'C:\\Users\\Bruno Guerreiro\\Documents\\code-projects\\gcp-biomarkers\\bg_nhanes_project\\logs', 'version_check': 'True', 'warn_error': 'None', 'use_colors': 'True', 'use_experimental_parser': 'False', 'empty': 'False', 'quiet': 'False', 'no_print': 'None', 'warn_error_options': 'WarnErrorOptions(include=[], exclude=[])', 'invocation_command': 'dbt run', 'static_parser': 'True', 'introspect': 'True', 'target_path': 'None', 'log_format': 'default', 'send_anonymous_usage_stats': 'True'}
[0m11:58:41.031906 [debug] [MainThread]: Sending event: {'category': 'dbt', 'action': 'project_id', 'label': 'e3335297-3a5f-4d3c-b4e6-ba4fe40a307d', 'context': [<snowplow_tracker.self_describing_json.SelfDescribingJson object at 0x000002811DF27100>]}
[0m11:58:41.088172 [debug] [MainThread]: Sending event: {'category': 'dbt', 'action': 'adapter_info', 'label': 'e3335297-3a5f-4d3c-b4e6-ba4fe40a307d', 'context': [<snowplow_tracker.self_describing_json.SelfDescribingJson object at 0x000002811DE60490>]}
[0m11:58:41.088850 [info ] [MainThread]: Registered adapter: bigquery=1.9.1
[0m11:58:41.491581 [debug] [MainThread]: checksum: b5597158181700c50f5bc1c71fe28b37a6fb85633dc5323885263678b6bc782c, vars: {}, profile: , target: , version: 1.9.4
[0m11:58:41.676174 [debug] [MainThread]: Partial parsing enabled: 0 files deleted, 0 files added, 1 files changed.
[0m11:58:41.677000 [debug] [MainThread]: Partial parsing: updated file: bg_nhanes_project://models\cdc_nhanes\source.yml
[0m11:58:42.068913 [error] [MainThread]: Encountered an error:
Compilation Error
  Model 'model.bg_nhanes_project.stg_health_data' (models\cdc_nhanes\stg_health_data.sql) depends on a source named 'raw.raw_health_data' which was not found
[0m11:58:42.070139 [debug] [MainThread]: Command `dbt run` failed at 11:58:42.070017 after 2.11 seconds
[0m11:58:42.070489 [debug] [MainThread]: Sending event: {'category': 'dbt', 'action': 'invocation', 'label': 'end', 'context': [<snowplow_tracker.self_describing_json.SelfDescribingJson object at 0x000002811E1F6250>, <snowplow_tracker.self_describing_json.SelfDescribingJson object at 0x000002811E1F4E50>, <snowplow_tracker.self_describing_json.SelfDescribingJson object at 0x000002811E3C0E60>]}
[0m11:58:42.070868 [debug] [MainThread]: Flushing usage events
[0m11:58:42.552760 [debug] [MainThread]: An error was encountered while trying to flush usage events
[0m12:02:11.470534 [debug] [MainThread]: Sending event: {'category': 'dbt', 'action': 'invocation', 'label': 'start', 'context': [<snowplow_tracker.self_describing_json.SelfDescribingJson object at 0x000002287336E900>, <snowplow_tracker.self_describing_json.SelfDescribingJson object at 0x00000228740216D0>, <snowplow_tracker.self_describing_json.SelfDescribingJson object at 0x0000022874021450>]}


============================== 12:02:11.474707 | 94bf2ed0-873a-4d3a-93fe-d8b6577b0336 ==============================
[0m12:02:11.474707 [info ] [MainThread]: Running with dbt=1.9.4
[0m12:02:11.475369 [debug] [MainThread]: running dbt with arguments {'printer_width': '80', 'indirect_selection': 'eager', 'write_json': 'True', 'log_cache_events': 'False', 'partial_parse': 'True', 'cache_selected_only': 'False', 'warn_error': 'None', 'fail_fast': 'False', 'version_check': 'True', 'log_path': 'C:\\Users\\Bruno Guerreiro\\Documents\\code-projects\\gcp-biomarkers\\bg_nhanes_project\\logs', 'debug': 'False', 'profiles_dir': 'C:\\Users\\Bruno Guerreiro\\.dbt', 'use_colors': 'True', 'use_experimental_parser': 'False', 'no_print': 'None', 'quiet': 'False', 'empty': 'False', 'log_format': 'default', 'introspect': 'True', 'warn_error_options': 'WarnErrorOptions(include=[], exclude=[])', 'static_parser': 'True', 'target_path': 'None', 'invocation_command': 'dbt run', 'send_anonymous_usage_stats': 'True'}
[0m12:02:12.485113 [debug] [MainThread]: Sending event: {'category': 'dbt', 'action': 'project_id', 'label': '94bf2ed0-873a-4d3a-93fe-d8b6577b0336', 'context': [<snowplow_tracker.self_describing_json.SelfDescribingJson object at 0x0000022816A67100>]}
[0m12:02:12.541302 [debug] [MainThread]: Sending event: {'category': 'dbt', 'action': 'adapter_info', 'label': '94bf2ed0-873a-4d3a-93fe-d8b6577b0336', 'context': [<snowplow_tracker.self_describing_json.SelfDescribingJson object at 0x00000228169A0490>]}
[0m12:02:12.541986 [info ] [MainThread]: Registered adapter: bigquery=1.9.1
[0m12:02:12.980387 [debug] [MainThread]: checksum: b5597158181700c50f5bc1c71fe28b37a6fb85633dc5323885263678b6bc782c, vars: {}, profile: , target: , version: 1.9.4
[0m12:02:13.068058 [info ] [MainThread]: Unable to do partial parsing because profile has changed
[0m12:02:13.068650 [debug] [MainThread]: Sending event: {'category': 'dbt', 'action': 'partial_parser', 'label': '94bf2ed0-873a-4d3a-93fe-d8b6577b0336', 'context': [<snowplow_tracker.self_describing_json.SelfDescribingJson object at 0x000002281694A750>]}
[0m12:02:14.231473 [debug] [MainThread]: Sending event: {'category': 'dbt', 'action': 'load_project', 'label': '94bf2ed0-873a-4d3a-93fe-d8b6577b0336', 'context': [<snowplow_tracker.self_describing_json.SelfDescribingJson object at 0x0000022816CB99A0>]}
[0m12:02:14.298173 [debug] [MainThread]: Wrote artifact WritableManifest to C:\Users\Bruno Guerreiro\Documents\code-projects\gcp-biomarkers\bg_nhanes_project\target\manifest.json
[0m12:02:14.301443 [debug] [MainThread]: Wrote artifact SemanticManifest to C:\Users\Bruno Guerreiro\Documents\code-projects\gcp-biomarkers\bg_nhanes_project\target\semantic_manifest.json
[0m12:02:14.324333 [debug] [MainThread]: Sending event: {'category': 'dbt', 'action': 'resource_counts', 'label': '94bf2ed0-873a-4d3a-93fe-d8b6577b0336', 'context': [<snowplow_tracker.self_describing_json.SelfDescribingJson object at 0x0000022816F4EEB0>]}
[0m12:02:14.324743 [info ] [MainThread]: Found 3 models, 6 data tests, 1 source, 491 macros
[0m12:02:14.325183 [debug] [MainThread]: Sending event: {'category': 'dbt', 'action': 'runnable_timing', 'label': '94bf2ed0-873a-4d3a-93fe-d8b6577b0336', 'context': [<snowplow_tracker.self_describing_json.SelfDescribingJson object at 0x0000022816EC60D0>]}
[0m12:02:14.326684 [info ] [MainThread]: 
[0m12:02:14.327068 [info ] [MainThread]: Concurrency: 4 threads (target='dev')
[0m12:02:14.327398 [info ] [MainThread]: 
[0m12:02:14.327849 [debug] [MainThread]: Acquiring new bigquery connection 'master'
[0m12:02:14.331087 [debug] [ThreadPool]: Acquiring new bigquery connection 'list_bg-gcp-biomarkers'
[0m12:02:14.331419 [debug] [ThreadPool]: Opening a new connection, currently in state init
[0m12:02:14.331726 [debug] [ThreadPool]: BigQuery adapter: Got an error when attempting to create a bigquery " "client: 'expected str, bytes or os.PathLike object, not NoneType'
[0m12:02:14.332185 [debug] [MainThread]: Opening a new connection, currently in state init
[0m12:02:14.332482 [debug] [MainThread]: BigQuery adapter: Got an error when attempting to create a bigquery " "client: 'expected str, bytes or os.PathLike object, not NoneType'
[0m12:02:14.332768 [info ] [MainThread]: 
[0m12:02:14.333121 [info ] [MainThread]: Finished running  in 0 hours 0 minutes and 0.01 seconds (0.01s).
[0m12:02:14.333572 [error] [MainThread]: Encountered an error:
Database Error
  expected str, bytes or os.PathLike object, not NoneType
[0m12:02:14.334543 [debug] [MainThread]: Command `dbt run` failed at 12:02:14.334440 after 3.00 seconds
[0m12:02:14.334847 [debug] [MainThread]: Sending event: {'category': 'dbt', 'action': 'invocation', 'label': 'end', 'context': [<snowplow_tracker.self_describing_json.SelfDescribingJson object at 0x00000228743C5610>, <snowplow_tracker.self_describing_json.SelfDescribingJson object at 0x0000022816F70310>, <snowplow_tracker.self_describing_json.SelfDescribingJson object at 0x0000022816F703C0>]}
[0m12:02:14.335155 [debug] [MainThread]: Flushing usage events
[0m12:02:14.890123 [debug] [MainThread]: An error was encountered while trying to flush usage events
[0m12:02:28.426519 [debug] [MainThread]: Sending event: {'category': 'dbt', 'action': 'invocation', 'label': 'start', 'context': [<snowplow_tracker.self_describing_json.SelfDescribingJson object at 0x000001434F31E900>, <snowplow_tracker.self_describing_json.SelfDescribingJson object at 0x000001434FFC16D0>, <snowplow_tracker.self_describing_json.SelfDescribingJson object at 0x000001434FFC1450>]}


============================== 12:02:28.430453 | 361113b7-0383-43a0-8c22-510061b3a113 ==============================
[0m12:02:28.430453 [info ] [MainThread]: Running with dbt=1.9.4
[0m12:02:28.431043 [debug] [MainThread]: running dbt with arguments {'printer_width': '80', 'indirect_selection': 'eager', 'log_cache_events': 'False', 'write_json': 'True', 'partial_parse': 'True', 'cache_selected_only': 'False', 'profiles_dir': 'C:\\Users\\Bruno Guerreiro\\.dbt', 'version_check': 'True', 'debug': 'False', 'log_path': 'C:\\Users\\Bruno Guerreiro\\Documents\\code-projects\\gcp-biomarkers\\bg_nhanes_project\\logs', 'fail_fast': 'False', 'warn_error': 'None', 'use_colors': 'True', 'use_experimental_parser': 'False', 'no_print': 'None', 'quiet': 'False', 'empty': 'False', 'warn_error_options': 'WarnErrorOptions(include=[], exclude=[])', 'introspect': 'True', 'log_format': 'default', 'static_parser': 'True', 'target_path': 'None', 'invocation_command': 'dbt run', 'send_anonymous_usage_stats': 'True'}
[0m12:02:29.402985 [debug] [MainThread]: Sending event: {'category': 'dbt', 'action': 'project_id', 'label': '361113b7-0383-43a0-8c22-510061b3a113', 'context': [<snowplow_tracker.self_describing_json.SelfDescribingJson object at 0x0000014372887100>]}
[0m12:02:29.456477 [debug] [MainThread]: Sending event: {'category': 'dbt', 'action': 'adapter_info', 'label': '361113b7-0383-43a0-8c22-510061b3a113', 'context': [<snowplow_tracker.self_describing_json.SelfDescribingJson object at 0x00000143727C0490>]}
[0m12:02:29.457131 [info ] [MainThread]: Registered adapter: bigquery=1.9.1
[0m12:02:29.853702 [debug] [MainThread]: checksum: b5597158181700c50f5bc1c71fe28b37a6fb85633dc5323885263678b6bc782c, vars: {}, profile: , target: , version: 1.9.4
[0m12:02:29.946437 [info ] [MainThread]: Unable to do partial parsing because profile has changed
[0m12:02:29.947071 [debug] [MainThread]: Sending event: {'category': 'dbt', 'action': 'partial_parser', 'label': '361113b7-0383-43a0-8c22-510061b3a113', 'context': [<snowplow_tracker.self_describing_json.SelfDescribingJson object at 0x000001437276A750>]}
[0m12:02:31.107503 [debug] [MainThread]: Sending event: {'category': 'dbt', 'action': 'load_project', 'label': '361113b7-0383-43a0-8c22-510061b3a113', 'context': [<snowplow_tracker.self_describing_json.SelfDescribingJson object at 0x0000014372AD99A0>]}
[0m12:02:31.178899 [debug] [MainThread]: Wrote artifact WritableManifest to C:\Users\Bruno Guerreiro\Documents\code-projects\gcp-biomarkers\bg_nhanes_project\target\manifest.json
[0m12:02:31.182303 [debug] [MainThread]: Wrote artifact SemanticManifest to C:\Users\Bruno Guerreiro\Documents\code-projects\gcp-biomarkers\bg_nhanes_project\target\semantic_manifest.json
[0m12:02:31.204458 [debug] [MainThread]: Sending event: {'category': 'dbt', 'action': 'resource_counts', 'label': '361113b7-0383-43a0-8c22-510061b3a113', 'context': [<snowplow_tracker.self_describing_json.SelfDescribingJson object at 0x0000014372D6AEB0>]}
[0m12:02:31.204949 [info ] [MainThread]: Found 3 models, 6 data tests, 1 source, 491 macros
[0m12:02:31.205459 [debug] [MainThread]: Sending event: {'category': 'dbt', 'action': 'runnable_timing', 'label': '361113b7-0383-43a0-8c22-510061b3a113', 'context': [<snowplow_tracker.self_describing_json.SelfDescribingJson object at 0x0000014372CE60D0>]}
[0m12:02:31.207139 [info ] [MainThread]: 
[0m12:02:31.207533 [info ] [MainThread]: Concurrency: 4 threads (target='dev')
[0m12:02:31.207888 [info ] [MainThread]: 
[0m12:02:31.208364 [debug] [MainThread]: Acquiring new bigquery connection 'master'
[0m12:02:31.211620 [debug] [ThreadPool]: Acquiring new bigquery connection 'list_bg-gcp-biomarkers'
[0m12:02:31.211983 [debug] [ThreadPool]: Opening a new connection, currently in state init
[0m12:02:33.289553 [debug] [ThreadPool]: Acquiring new bigquery connection 'list_bg-gcp-biomarkers_raw'
[0m12:02:33.289935 [debug] [ThreadPool]: Opening a new connection, currently in state init
[0m12:02:33.652626 [debug] [MainThread]: Sending event: {'category': 'dbt', 'action': 'runnable_timing', 'label': '361113b7-0383-43a0-8c22-510061b3a113', 'context': [<snowplow_tracker.self_describing_json.SelfDescribingJson object at 0x0000014372F4EBD0>]}
[0m12:02:33.653014 [debug] [MainThread]: Opening a new connection, currently in state init
[0m12:02:33.656546 [debug] [Thread-1 (]: Began running node model.bg_nhanes_project.stg_health_data
[0m12:02:33.656990 [info ] [Thread-1 (]: 1 of 3 START sql view model raw.stg_health_data ................................ [RUN]
[0m12:02:33.657548 [debug] [Thread-1 (]: Acquiring new bigquery connection 'model.bg_nhanes_project.stg_health_data'
[0m12:02:33.657849 [debug] [Thread-1 (]: Began compiling node model.bg_nhanes_project.stg_health_data
[0m12:02:33.663786 [debug] [Thread-1 (]: Writing injected SQL for node "model.bg_nhanes_project.stg_health_data"
[0m12:02:33.664610 [debug] [Thread-1 (]: Began executing node model.bg_nhanes_project.stg_health_data
[0m12:02:33.688464 [debug] [Thread-1 (]: Writing runtime sql for node "model.bg_nhanes_project.stg_health_data"
[0m12:02:33.689361 [debug] [Thread-1 (]: On model.bg_nhanes_project.stg_health_data: /* {"app": "dbt", "dbt_version": "1.9.4", "profile_name": "bg_nhanes_project", "target_name": "dev", "node_id": "model.bg_nhanes_project.stg_health_data"} */


  create or replace view `bg-gcp-biomarkers`.`raw`.`stg_health_data`
  OPTIONS()
  as SELECT
  SEQN,
  RIAGENDR AS gender,
  RIDAGEYR AS age,
  LBXTC AS cholesterol
FROM `raw`.`raw_health_data`.`raw_health_data`
WHERE RIDAGEYR IS NOT NULL AND LBXTC IS NOT NULL;


[0m12:02:33.689726 [debug] [Thread-1 (]: Opening a new connection, currently in state init
[0m12:02:34.549181 [debug] [Thread-1 (]: BigQuery adapter: https://console.cloud.google.com/bigquery?project=bg-gcp-biomarkers&j=bq:us-west1:2c63171f-e14e-4e2e-a780-9afd9fbd9d7b&page=queryresults
[0m12:02:34.549670 [error] [Thread-1 (]: BigQuery adapter: https://console.cloud.google.com/bigquery?project=bg-gcp-biomarkers&j=bq:us-west1:2c63171f-e14e-4e2e-a780-9afd9fbd9d7b&page=queryresults
[0m12:02:34.557186 [debug] [Thread-1 (]: Database Error in model stg_health_data (models\cdc_nhanes\stg_health_data.sql)
  The project raw has not enabled BigQuery.
  compiled code at target\run\bg_nhanes_project\models\cdc_nhanes\stg_health_data.sql
[0m12:02:34.559087 [debug] [Thread-1 (]: Sending event: {'category': 'dbt', 'action': 'run_model', 'label': '361113b7-0383-43a0-8c22-510061b3a113', 'context': [<snowplow_tracker.self_describing_json.SelfDescribingJson object at 0x0000014372D915A0>]}
[0m12:02:34.559639 [error] [Thread-1 (]: 1 of 3 ERROR creating sql view model raw.stg_health_data ....................... [[31mERROR[0m in 0.90s]
[0m12:02:34.560264 [debug] [Thread-1 (]: Finished running node model.bg_nhanes_project.stg_health_data
[0m12:02:34.560772 [debug] [Thread-7 (]: Marking all children of 'model.bg_nhanes_project.stg_health_data' to be skipped because of status 'error'.  Reason: Database Error in model stg_health_data (models\cdc_nhanes\stg_health_data.sql)
  The project raw has not enabled BigQuery.
  compiled code at target\run\bg_nhanes_project\models\cdc_nhanes\stg_health_data.sql.
[0m12:02:34.561940 [debug] [Thread-2 (]: Began running node model.bg_nhanes_project.int_biomarkers_enriched
[0m12:02:34.562298 [info ] [Thread-2 (]: 2 of 3 SKIP relation raw.int_biomarkers_enriched ............................... [[33mSKIP[0m]
[0m12:02:34.562822 [debug] [Thread-2 (]: Finished running node model.bg_nhanes_project.int_biomarkers_enriched
[0m12:02:34.563305 [debug] [Thread-3 (]: Began running node model.bg_nhanes_project.fct_longevity_summary
[0m12:02:34.563641 [info ] [Thread-3 (]: 3 of 3 SKIP relation raw.fct_longevity_summary ................................. [[33mSKIP[0m]
[0m12:02:34.564130 [debug] [Thread-3 (]: Finished running node model.bg_nhanes_project.fct_longevity_summary
[0m12:02:34.565132 [debug] [MainThread]: Opening a new connection, currently in state closed
[0m12:02:34.565610 [debug] [MainThread]: Connection 'master' was properly closed.
[0m12:02:34.565872 [debug] [MainThread]: Connection 'list_bg-gcp-biomarkers' was properly closed.
[0m12:02:34.566111 [debug] [MainThread]: Connection 'list_bg-gcp-biomarkers_raw' was properly closed.
[0m12:02:34.566347 [debug] [MainThread]: Connection 'model.bg_nhanes_project.stg_health_data' was properly closed.
[0m12:02:34.566682 [info ] [MainThread]: 
[0m12:02:34.567124 [info ] [MainThread]: Finished running 3 view models in 0 hours 0 minutes and 3.36 seconds (3.36s).
[0m12:02:34.567902 [debug] [MainThread]: Command end result
[0m12:02:34.586623 [debug] [MainThread]: Wrote artifact WritableManifest to C:\Users\Bruno Guerreiro\Documents\code-projects\gcp-biomarkers\bg_nhanes_project\target\manifest.json
[0m12:02:34.588861 [debug] [MainThread]: Wrote artifact SemanticManifest to C:\Users\Bruno Guerreiro\Documents\code-projects\gcp-biomarkers\bg_nhanes_project\target\semantic_manifest.json
[0m12:02:34.593759 [debug] [MainThread]: Wrote artifact RunExecutionResult to C:\Users\Bruno Guerreiro\Documents\code-projects\gcp-biomarkers\bg_nhanes_project\target\run_results.json
[0m12:02:34.594104 [info ] [MainThread]: 
[0m12:02:34.594569 [info ] [MainThread]: [31mCompleted with 1 error, 0 partial successes, and 0 warnings:[0m
[0m12:02:34.594988 [info ] [MainThread]: 
[0m12:02:34.595398 [error] [MainThread]:   Database Error in model stg_health_data (models\cdc_nhanes\stg_health_data.sql)
  The project raw has not enabled BigQuery.
  compiled code at target\run\bg_nhanes_project\models\cdc_nhanes\stg_health_data.sql
[0m12:02:34.595811 [info ] [MainThread]: 
[0m12:02:34.596182 [info ] [MainThread]: Done. PASS=0 WARN=0 ERROR=1 SKIP=2 TOTAL=3
[0m12:02:34.597053 [debug] [MainThread]: Command `dbt run` failed at 12:02:34.596952 after 6.26 seconds
[0m12:02:34.597371 [debug] [MainThread]: Sending event: {'category': 'dbt', 'action': 'invocation', 'label': 'end', 'context': [<snowplow_tracker.self_describing_json.SelfDescribingJson object at 0x0000014372DBECB0>, <snowplow_tracker.self_describing_json.SelfDescribingJson object at 0x0000014372DFB260>, <snowplow_tracker.self_describing_json.SelfDescribingJson object at 0x0000014372B102D0>]}
[0m12:02:34.597682 [debug] [MainThread]: Flushing usage events
[0m12:02:35.103547 [debug] [MainThread]: An error was encountered while trying to flush usage events
[0m12:27:41.275123 [debug] [MainThread]: Sending event: {'category': 'dbt', 'action': 'invocation', 'label': 'start', 'context': [<snowplow_tracker.self_describing_json.SelfDescribingJson object at 0x0000021CA7706900>, <snowplow_tracker.self_describing_json.SelfDescribingJson object at 0x0000021CA83AD6D0>, <snowplow_tracker.self_describing_json.SelfDescribingJson object at 0x0000021CA83AD450>]}


============================== 12:27:41.279977 | 8271ccca-8b5d-434b-918d-a9594eab8806 ==============================
[0m12:27:41.279977 [info ] [MainThread]: Running with dbt=1.9.4
[0m12:27:41.280611 [debug] [MainThread]: running dbt with arguments {'printer_width': '80', 'indirect_selection': 'eager', 'write_json': 'True', 'log_cache_events': 'False', 'partial_parse': 'True', 'cache_selected_only': 'False', 'profiles_dir': 'C:\\Users\\Bruno Guerreiro\\.dbt', 'version_check': 'True', 'debug': 'False', 'log_path': 'C:\\Users\\Bruno Guerreiro\\Documents\\code-projects\\gcp-biomarkers\\bg_nhanes_project\\logs', 'fail_fast': 'False', 'warn_error': 'None', 'use_colors': 'True', 'use_experimental_parser': 'False', 'empty': 'False', 'quiet': 'False', 'no_print': 'None', 'warn_error_options': 'WarnErrorOptions(include=[], exclude=[])', 'introspect': 'True', 'log_format': 'default', 'invocation_command': 'dbt run', 'target_path': 'None', 'static_parser': 'True', 'send_anonymous_usage_stats': 'True'}
[0m12:27:42.679948 [debug] [MainThread]: Sending event: {'category': 'dbt', 'action': 'project_id', 'label': '8271ccca-8b5d-434b-918d-a9594eab8806', 'context': [<snowplow_tracker.self_describing_json.SelfDescribingJson object at 0x0000021CCAC87100>]}
[0m12:27:42.731432 [debug] [MainThread]: Sending event: {'category': 'dbt', 'action': 'adapter_info', 'label': '8271ccca-8b5d-434b-918d-a9594eab8806', 'context': [<snowplow_tracker.self_describing_json.SelfDescribingJson object at 0x0000021CCABC0490>]}
[0m12:27:42.732070 [info ] [MainThread]: Registered adapter: bigquery=1.9.1
[0m12:27:43.134098 [debug] [MainThread]: checksum: b5597158181700c50f5bc1c71fe28b37a6fb85633dc5323885263678b6bc782c, vars: {}, profile: , target: , version: 1.9.4
[0m12:27:43.328217 [debug] [MainThread]: Partial parsing enabled: 1 files deleted, 1 files added, 0 files changed.
[0m12:27:43.328711 [debug] [MainThread]: Partial parsing: added file: bg_nhanes_project://models\cdc_nhanes\sources.yml
[0m12:27:43.705673 [error] [MainThread]: Encountered an error:
Compilation Error
  Model 'model.bg_nhanes_project.stg_health_data' (models\cdc_nhanes\stg_health_data.sql) depends on a source named 'raw.raw_health_data' which was not found
[0m12:27:43.706957 [debug] [MainThread]: Command `dbt run` failed at 12:27:43.706836 after 2.60 seconds
[0m12:27:43.707312 [debug] [MainThread]: Sending event: {'category': 'dbt', 'action': 'invocation', 'label': 'end', 'context': [<snowplow_tracker.self_describing_json.SelfDescribingJson object at 0x0000021CCAF82150>, <snowplow_tracker.self_describing_json.SelfDescribingJson object at 0x0000021CCAF82050>, <snowplow_tracker.self_describing_json.SelfDescribingJson object at 0x0000021CCB142A80>]}
[0m12:27:43.707659 [debug] [MainThread]: Flushing usage events
[0m12:27:44.248406 [debug] [MainThread]: An error was encountered while trying to flush usage events
[0m12:31:07.933854 [debug] [MainThread]: Sending event: {'category': 'dbt', 'action': 'invocation', 'label': 'start', 'context': [<snowplow_tracker.self_describing_json.SelfDescribingJson object at 0x00000218516DE900>, <snowplow_tracker.self_describing_json.SelfDescribingJson object at 0x000002185237D6D0>, <snowplow_tracker.self_describing_json.SelfDescribingJson object at 0x000002185237D450>]}


============================== 12:31:07.938359 | 49b1b37e-1260-4a61-98f9-fb14e64a2926 ==============================
[0m12:31:07.938359 [info ] [MainThread]: Running with dbt=1.9.4
[0m12:31:07.938935 [debug] [MainThread]: running dbt with arguments {'printer_width': '80', 'indirect_selection': 'eager', 'write_json': 'True', 'log_cache_events': 'False', 'partial_parse': 'True', 'cache_selected_only': 'False', 'profiles_dir': 'C:\\Users\\Bruno Guerreiro\\.dbt', 'version_check': 'True', 'warn_error': 'None', 'log_path': 'C:\\Users\\Bruno Guerreiro\\Documents\\code-projects\\gcp-biomarkers\\bg_nhanes_project\\logs', 'debug': 'False', 'fail_fast': 'False', 'use_colors': 'True', 'use_experimental_parser': 'False', 'empty': 'False', 'quiet': 'False', 'no_print': 'None', 'log_format': 'default', 'invocation_command': 'dbt run', 'introspect': 'True', 'warn_error_options': 'WarnErrorOptions(include=[], exclude=[])', 'target_path': 'None', 'static_parser': 'True', 'send_anonymous_usage_stats': 'True'}
[0m12:31:09.310658 [debug] [MainThread]: Sending event: {'category': 'dbt', 'action': 'project_id', 'label': '49b1b37e-1260-4a61-98f9-fb14e64a2926', 'context': [<snowplow_tracker.self_describing_json.SelfDescribingJson object at 0x0000021874CA7100>]}
[0m12:31:09.365120 [debug] [MainThread]: Sending event: {'category': 'dbt', 'action': 'adapter_info', 'label': '49b1b37e-1260-4a61-98f9-fb14e64a2926', 'context': [<snowplow_tracker.self_describing_json.SelfDescribingJson object at 0x0000021874BE0490>]}
[0m12:31:09.365776 [info ] [MainThread]: Registered adapter: bigquery=1.9.1
[0m12:31:09.752303 [debug] [MainThread]: checksum: b5597158181700c50f5bc1c71fe28b37a6fb85633dc5323885263678b6bc782c, vars: {}, profile: , target: , version: 1.9.4
[0m12:31:09.920545 [debug] [MainThread]: Partial parsing enabled: 1 files deleted, 1 files added, 1 files changed.
[0m12:31:09.921034 [debug] [MainThread]: Partial parsing: added file: bg_nhanes_project://models\cdc_nhanes\sources.yml
[0m12:31:09.921583 [debug] [MainThread]: Partial parsing: updated file: bg_nhanes_project://models\cdc_nhanes\stg_health_data.sql
[0m12:31:10.288603 [error] [MainThread]: Encountered an error:
Compilation Error
  Model 'model.bg_nhanes_project.stg_health_data' (models\cdc_nhanes\stg_health_data.sql) depends on a source named 'raw_health_data.raw_health_data' which was not found
[0m12:31:10.289798 [debug] [MainThread]: Command `dbt run` failed at 12:31:10.289684 after 2.50 seconds
[0m12:31:10.290137 [debug] [MainThread]: Sending event: {'category': 'dbt', 'action': 'invocation', 'label': 'end', 'context': [<snowplow_tracker.self_describing_json.SelfDescribingJson object at 0x0000021874F76250>, <snowplow_tracker.self_describing_json.SelfDescribingJson object at 0x0000021874F74E50>, <snowplow_tracker.self_describing_json.SelfDescribingJson object at 0x00000218751414F0>]}
[0m12:31:10.290454 [debug] [MainThread]: Flushing usage events
[0m12:31:10.869389 [debug] [MainThread]: An error was encountered while trying to flush usage events
[0m12:31:22.789135 [debug] [MainThread]: Sending event: {'category': 'dbt', 'action': 'invocation', 'label': 'start', 'context': [<snowplow_tracker.self_describing_json.SelfDescribingJson object at 0x000001B450C2E900>, <snowplow_tracker.self_describing_json.SelfDescribingJson object at 0x000001B4518CD6D0>, <snowplow_tracker.self_describing_json.SelfDescribingJson object at 0x000001B4518CD450>]}


============================== 12:31:22.793228 | 6bd1b6c1-3a2e-4f4a-bc60-cce5866eb85a ==============================
[0m12:31:22.793228 [info ] [MainThread]: Running with dbt=1.9.4
[0m12:31:22.793807 [debug] [MainThread]: running dbt with arguments {'printer_width': '80', 'indirect_selection': 'eager', 'write_json': 'True', 'log_cache_events': 'False', 'partial_parse': 'True', 'cache_selected_only': 'False', 'profiles_dir': 'C:\\Users\\Bruno Guerreiro\\.dbt', 'debug': 'False', 'fail_fast': 'False', 'log_path': 'C:\\Users\\Bruno Guerreiro\\Documents\\code-projects\\gcp-biomarkers\\bg_nhanes_project\\logs', 'warn_error': 'None', 'version_check': 'True', 'use_colors': 'True', 'use_experimental_parser': 'False', 'no_print': 'None', 'quiet': 'False', 'empty': 'False', 'warn_error_options': 'WarnErrorOptions(include=[], exclude=[])', 'introspect': 'True', 'static_parser': 'True', 'log_format': 'default', 'target_path': 'None', 'invocation_command': 'dbt run', 'send_anonymous_usage_stats': 'True'}
[0m12:31:23.791737 [debug] [MainThread]: Sending event: {'category': 'dbt', 'action': 'project_id', 'label': '6bd1b6c1-3a2e-4f4a-bc60-cce5866eb85a', 'context': [<snowplow_tracker.self_describing_json.SelfDescribingJson object at 0x000001B4741A7100>]}
[0m12:31:23.846285 [debug] [MainThread]: Sending event: {'category': 'dbt', 'action': 'adapter_info', 'label': '6bd1b6c1-3a2e-4f4a-bc60-cce5866eb85a', 'context': [<snowplow_tracker.self_describing_json.SelfDescribingJson object at 0x000001B4740E0490>]}
[0m12:31:23.846925 [info ] [MainThread]: Registered adapter: bigquery=1.9.1
[0m12:31:24.235879 [debug] [MainThread]: checksum: b5597158181700c50f5bc1c71fe28b37a6fb85633dc5323885263678b6bc782c, vars: {}, profile: , target: , version: 1.9.4
[0m12:31:24.391983 [debug] [MainThread]: Partial parsing enabled: 1 files deleted, 1 files added, 0 files changed.
[0m12:31:24.392499 [debug] [MainThread]: Partial parsing: added file: bg_nhanes_project://models\cdc_nhanes\sources.yml
[0m12:31:24.836731 [debug] [MainThread]: Sending event: {'category': 'dbt', 'action': 'load_project', 'label': '6bd1b6c1-3a2e-4f4a-bc60-cce5866eb85a', 'context': [<snowplow_tracker.self_describing_json.SelfDescribingJson object at 0x000001B474476B50>]}
[0m12:31:24.906937 [debug] [MainThread]: Wrote artifact WritableManifest to C:\Users\Bruno Guerreiro\Documents\code-projects\gcp-biomarkers\bg_nhanes_project\target\manifest.json
[0m12:31:24.910713 [debug] [MainThread]: Wrote artifact SemanticManifest to C:\Users\Bruno Guerreiro\Documents\code-projects\gcp-biomarkers\bg_nhanes_project\target\semantic_manifest.json
[0m12:31:24.940489 [debug] [MainThread]: Sending event: {'category': 'dbt', 'action': 'resource_counts', 'label': '6bd1b6c1-3a2e-4f4a-bc60-cce5866eb85a', 'context': [<snowplow_tracker.self_describing_json.SelfDescribingJson object at 0x000001B4517CA300>]}
[0m12:31:24.941086 [info ] [MainThread]: Found 3 models, 6 data tests, 1 source, 491 macros
[0m12:31:24.941636 [debug] [MainThread]: Sending event: {'category': 'dbt', 'action': 'runnable_timing', 'label': '6bd1b6c1-3a2e-4f4a-bc60-cce5866eb85a', 'context': [<snowplow_tracker.self_describing_json.SelfDescribingJson object at 0x000001B4748799B0>]}
[0m12:31:24.943431 [info ] [MainThread]: 
[0m12:31:24.943807 [info ] [MainThread]: Concurrency: 4 threads (target='dev')
[0m12:31:24.944135 [info ] [MainThread]: 
[0m12:31:24.944590 [debug] [MainThread]: Acquiring new bigquery connection 'master'
[0m12:31:24.948004 [debug] [ThreadPool]: Acquiring new bigquery connection 'list_bg-gcp-biomarkers'
[0m12:31:24.948458 [debug] [ThreadPool]: Opening a new connection, currently in state init
[0m12:31:27.244957 [debug] [ThreadPool]: Acquiring new bigquery connection 'list_bg-gcp-biomarkers_raw'
[0m12:31:27.245374 [debug] [ThreadPool]: Opening a new connection, currently in state init
[0m12:31:27.614906 [debug] [MainThread]: Sending event: {'category': 'dbt', 'action': 'runnable_timing', 'label': '6bd1b6c1-3a2e-4f4a-bc60-cce5866eb85a', 'context': [<snowplow_tracker.self_describing_json.SelfDescribingJson object at 0x000001B4748C5160>]}
[0m12:31:27.615302 [debug] [MainThread]: Opening a new connection, currently in state init
[0m12:31:27.620216 [debug] [Thread-1 (]: Began running node model.bg_nhanes_project.stg_health_data
[0m12:31:27.620865 [info ] [Thread-1 (]: 1 of 3 START sql view model raw.stg_health_data ................................ [RUN]
[0m12:31:27.621428 [debug] [Thread-1 (]: Acquiring new bigquery connection 'model.bg_nhanes_project.stg_health_data'
[0m12:31:27.621779 [debug] [Thread-1 (]: Began compiling node model.bg_nhanes_project.stg_health_data
[0m12:31:27.627717 [debug] [Thread-1 (]: Writing injected SQL for node "model.bg_nhanes_project.stg_health_data"
[0m12:31:27.628991 [debug] [Thread-1 (]: Began executing node model.bg_nhanes_project.stg_health_data
[0m12:31:27.656582 [debug] [Thread-1 (]: Writing runtime sql for node "model.bg_nhanes_project.stg_health_data"
[0m12:31:27.657506 [debug] [Thread-1 (]: On model.bg_nhanes_project.stg_health_data: /* {"app": "dbt", "dbt_version": "1.9.4", "profile_name": "bg_nhanes_project", "target_name": "dev", "node_id": "model.bg_nhanes_project.stg_health_data"} */


  create or replace view `bg-gcp-biomarkers`.`raw`.`stg_health_data`
  OPTIONS()
  as SELECT
  SEQN,
  RIAGENDR AS gender,
  RIDAGEYR AS age,
  LBXTC AS cholesterol
FROM `bg-gcp-biomarkers`.`raw`.`raw_health_data`
WHERE RIDAGEYR IS NOT NULL AND LBXTC IS NOT NULL;


[0m12:31:27.657874 [debug] [Thread-1 (]: Opening a new connection, currently in state init
[0m12:31:28.662713 [debug] [Thread-1 (]: BigQuery adapter: https://console.cloud.google.com/bigquery?project=bg-gcp-biomarkers&j=bq:us-west1:8d7663c4-c53d-4b45-9eca-b0a227a962d3&page=queryresults
[0m12:31:29.252696 [debug] [Thread-1 (]: Sending event: {'category': 'dbt', 'action': 'run_model', 'label': '6bd1b6c1-3a2e-4f4a-bc60-cce5866eb85a', 'context': [<snowplow_tracker.self_describing_json.SelfDescribingJson object at 0x000001B47486FD10>]}
[0m12:31:29.253246 [info ] [Thread-1 (]: 1 of 3 OK created sql view model raw.stg_health_data ........................... [[32mCREATE VIEW (0 processed)[0m in 1.63s]
[0m12:31:29.254006 [debug] [Thread-1 (]: Finished running node model.bg_nhanes_project.stg_health_data
[0m12:31:29.254637 [debug] [Thread-2 (]: Began running node model.bg_nhanes_project.int_biomarkers_enriched
[0m12:31:29.255041 [info ] [Thread-2 (]: 2 of 3 START sql view model raw.int_biomarkers_enriched ........................ [RUN]
[0m12:31:29.255639 [debug] [Thread-2 (]: Acquiring new bigquery connection 'model.bg_nhanes_project.int_biomarkers_enriched'
[0m12:31:29.255953 [debug] [Thread-2 (]: Began compiling node model.bg_nhanes_project.int_biomarkers_enriched
[0m12:31:29.257840 [debug] [Thread-2 (]: Writing injected SQL for node "model.bg_nhanes_project.int_biomarkers_enriched"
[0m12:31:29.258607 [debug] [Thread-2 (]: Began executing node model.bg_nhanes_project.int_biomarkers_enriched
[0m12:31:29.260892 [debug] [Thread-2 (]: Writing runtime sql for node "model.bg_nhanes_project.int_biomarkers_enriched"
[0m12:31:29.261729 [debug] [Thread-2 (]: On model.bg_nhanes_project.int_biomarkers_enriched: /* {"app": "dbt", "dbt_version": "1.9.4", "profile_name": "bg_nhanes_project", "target_name": "dev", "node_id": "model.bg_nhanes_project.int_biomarkers_enriched"} */


  create or replace view `bg-gcp-biomarkers`.`raw`.`int_biomarkers_enriched`
  OPTIONS()
  as SELECT *,
  CASE
    WHEN cholesterol < 200 THEN 'Desirable'
    WHEN cholesterol < 240 THEN 'Borderline High'
    ELSE 'High'
  END AS cholesterol_category
FROM `bg-gcp-biomarkers`.`raw`.`stg_health_data`;


[0m12:31:29.262096 [debug] [Thread-2 (]: Opening a new connection, currently in state init
[0m12:31:29.894307 [debug] [Thread-2 (]: BigQuery adapter: https://console.cloud.google.com/bigquery?project=bg-gcp-biomarkers&j=bq:us-west1:d5a20e7e-6888-48a2-a7e1-ab6af1ea1191&page=queryresults
[0m12:31:30.347742 [debug] [Thread-2 (]: Sending event: {'category': 'dbt', 'action': 'run_model', 'label': '6bd1b6c1-3a2e-4f4a-bc60-cce5866eb85a', 'context': [<snowplow_tracker.self_describing_json.SelfDescribingJson object at 0x000001B474955FF0>]}
[0m12:31:30.348301 [info ] [Thread-2 (]: 2 of 3 OK created sql view model raw.int_biomarkers_enriched ................... [[32mCREATE VIEW (0 processed)[0m in 1.09s]
[0m12:31:30.349054 [debug] [Thread-2 (]: Finished running node model.bg_nhanes_project.int_biomarkers_enriched
[0m12:31:30.349711 [debug] [Thread-3 (]: Began running node model.bg_nhanes_project.fct_longevity_summary
[0m12:31:30.350103 [info ] [Thread-3 (]: 3 of 3 START sql view model raw.fct_longevity_summary .......................... [RUN]
[0m12:31:30.350679 [debug] [Thread-3 (]: Acquiring new bigquery connection 'model.bg_nhanes_project.fct_longevity_summary'
[0m12:31:30.350984 [debug] [Thread-3 (]: Began compiling node model.bg_nhanes_project.fct_longevity_summary
[0m12:31:30.352909 [debug] [Thread-3 (]: Writing injected SQL for node "model.bg_nhanes_project.fct_longevity_summary"
[0m12:31:30.354021 [debug] [Thread-3 (]: Began executing node model.bg_nhanes_project.fct_longevity_summary
[0m12:31:30.355892 [debug] [Thread-3 (]: Writing runtime sql for node "model.bg_nhanes_project.fct_longevity_summary"
[0m12:31:30.356883 [debug] [Thread-3 (]: On model.bg_nhanes_project.fct_longevity_summary: /* {"app": "dbt", "dbt_version": "1.9.4", "profile_name": "bg_nhanes_project", "target_name": "dev", "node_id": "model.bg_nhanes_project.fct_longevity_summary"} */


  create or replace view `bg-gcp-biomarkers`.`raw`.`fct_longevity_summary`
  OPTIONS()
  as SELECT
  gender,
  AVG(age) AS avg_age,
  AVG(cholesterol) AS avg_cholesterol,
  COUNT(*) AS num_people
FROM `bg-gcp-biomarkers`.`raw`.`int_biomarkers_enriched`
GROUP BY gender;


[0m12:31:30.357249 [debug] [Thread-3 (]: Opening a new connection, currently in state init
[0m12:31:31.336809 [debug] [Thread-3 (]: BigQuery adapter: https://console.cloud.google.com/bigquery?project=bg-gcp-biomarkers&j=bq:us-west1:e66c19a3-2dc7-42fa-8d38-eaa5b976ac0c&page=queryresults
[0m12:31:31.750984 [debug] [Thread-3 (]: Sending event: {'category': 'dbt', 'action': 'run_model', 'label': '6bd1b6c1-3a2e-4f4a-bc60-cce5866eb85a', 'context': [<snowplow_tracker.self_describing_json.SelfDescribingJson object at 0x000001B474757D90>]}
[0m12:31:31.751549 [info ] [Thread-3 (]: 3 of 3 OK created sql view model raw.fct_longevity_summary ..................... [[32mCREATE VIEW (0 processed)[0m in 1.40s]
[0m12:31:31.752271 [debug] [Thread-3 (]: Finished running node model.bg_nhanes_project.fct_longevity_summary
[0m12:31:31.753439 [debug] [MainThread]: Opening a new connection, currently in state closed
[0m12:31:31.753942 [debug] [MainThread]: Connection 'master' was properly closed.
[0m12:31:31.754231 [debug] [MainThread]: Connection 'list_bg-gcp-biomarkers' was properly closed.
[0m12:31:31.754485 [debug] [MainThread]: Connection 'list_bg-gcp-biomarkers_raw' was properly closed.
[0m12:31:31.754733 [debug] [MainThread]: Connection 'model.bg_nhanes_project.stg_health_data' was properly closed.
[0m12:31:31.754990 [debug] [MainThread]: Connection 'model.bg_nhanes_project.int_biomarkers_enriched' was properly closed.
[0m12:31:31.755257 [debug] [MainThread]: Connection 'model.bg_nhanes_project.fct_longevity_summary' was properly closed.
[0m12:31:31.755565 [info ] [MainThread]: 
[0m12:31:31.755977 [info ] [MainThread]: Finished running 3 view models in 0 hours 0 minutes and 6.81 seconds (6.81s).
[0m12:31:31.756998 [debug] [MainThread]: Command end result
[0m12:31:31.775135 [debug] [MainThread]: Wrote artifact WritableManifest to C:\Users\Bruno Guerreiro\Documents\code-projects\gcp-biomarkers\bg_nhanes_project\target\manifest.json
[0m12:31:31.777554 [debug] [MainThread]: Wrote artifact SemanticManifest to C:\Users\Bruno Guerreiro\Documents\code-projects\gcp-biomarkers\bg_nhanes_project\target\semantic_manifest.json
[0m12:31:31.782953 [debug] [MainThread]: Wrote artifact RunExecutionResult to C:\Users\Bruno Guerreiro\Documents\code-projects\gcp-biomarkers\bg_nhanes_project\target\run_results.json
[0m12:31:31.783302 [info ] [MainThread]: 
[0m12:31:31.783809 [info ] [MainThread]: [32mCompleted successfully[0m
[0m12:31:31.784310 [info ] [MainThread]: 
[0m12:31:31.784872 [info ] [MainThread]: Done. PASS=3 WARN=0 ERROR=0 SKIP=0 TOTAL=3
[0m12:31:31.785846 [debug] [MainThread]: Command `dbt run` succeeded at 12:31:31.785736 after 9.10 seconds
[0m12:31:31.786186 [debug] [MainThread]: Sending event: {'category': 'dbt', 'action': 'invocation', 'label': 'end', 'context': [<snowplow_tracker.self_describing_json.SelfDescribingJson object at 0x000001B47485B4D0>, <snowplow_tracker.self_describing_json.SelfDescribingJson object at 0x000001B450AF2ED0>, <snowplow_tracker.self_describing_json.SelfDescribingJson object at 0x000001B451D92580>]}
[0m12:31:31.786517 [debug] [MainThread]: Flushing usage events
[0m12:31:32.286995 [debug] [MainThread]: An error was encountered while trying to flush usage events
[0m12:35:29.135600 [debug] [MainThread]: Sending event: {'category': 'dbt', 'action': 'invocation', 'label': 'start', 'context': [<snowplow_tracker.self_describing_json.SelfDescribingJson object at 0x000001F19D422900>, <snowplow_tracker.self_describing_json.SelfDescribingJson object at 0x000001F19E377250>, <snowplow_tracker.self_describing_json.SelfDescribingJson object at 0x000001F19E377390>]}


============================== 12:35:29.139302 | 432b2f6e-9ac3-4ad7-88e7-6e06c6f9f2bc ==============================
[0m12:35:29.139302 [info ] [MainThread]: Running with dbt=1.9.4
[0m12:35:29.139788 [debug] [MainThread]: running dbt with arguments {'printer_width': '80', 'indirect_selection': 'eager', 'log_cache_events': 'False', 'write_json': 'True', 'partial_parse': 'True', 'cache_selected_only': 'False', 'profiles_dir': 'C:\\Users\\Bruno Guerreiro\\.dbt', 'version_check': 'True', 'debug': 'False', 'log_path': 'c:\\Users\\Bruno Guerreiro\\Documents\\code-projects\\gcp-biomarkers\\bg_nhanes_project\\logs', 'fail_fast': 'False', 'warn_error': 'None', 'use_colors': 'True', 'use_experimental_parser': 'False', 'empty': 'None', 'quiet': 'False', 'no_print': 'None', 'warn_error_options': 'WarnErrorOptions(include=[], exclude=[])', 'invocation_command': 'dbt ', 'introspect': 'True', 'log_format': 'default', 'target_path': 'None', 'static_parser': 'True', 'send_anonymous_usage_stats': 'True'}
[0m12:35:29.251565 [debug] [MainThread]: Sending event: {'category': 'dbt', 'action': 'project_id', 'label': '432b2f6e-9ac3-4ad7-88e7-6e06c6f9f2bc', 'context': [<snowplow_tracker.self_describing_json.SelfDescribingJson object at 0x000001F19DA4AC40>]}
[0m12:35:29.275834 [info ] [MainThread]: Warning: No packages were found in packages.yml
[0m12:35:29.276710 [info ] [MainThread]: Warning: No packages were found in packages.yml
[0m12:35:29.277708 [debug] [MainThread]: Command `cli deps` succeeded at 12:35:29.277590 after 0.24 seconds
[0m12:35:29.278032 [debug] [MainThread]: Sending event: {'category': 'dbt', 'action': 'invocation', 'label': 'end', 'context': [<snowplow_tracker.self_describing_json.SelfDescribingJson object at 0x000001F19E3DBDF0>, <snowplow_tracker.self_describing_json.SelfDescribingJson object at 0x000001F19E6A85A0>, <snowplow_tracker.self_describing_json.SelfDescribingJson object at 0x000001F19E3F7650>]}
[0m12:35:29.278366 [debug] [MainThread]: Flushing usage events
[0m12:35:29.765179 [debug] [MainThread]: An error was encountered while trying to flush usage events
[0m15:59:51.343657 [debug] [MainThread]: Sending event: {'category': 'dbt', 'action': 'invocation', 'label': 'start', 'context': [<snowplow_tracker.self_describing_json.SelfDescribingJson object at 0x00000223BB602900>, <snowplow_tracker.self_describing_json.SelfDescribingJson object at 0x00000223BC557250>, <snowplow_tracker.self_describing_json.SelfDescribingJson object at 0x00000223BC557390>]}


============================== 15:59:51.348560 | 367c67ec-ac06-497e-8122-e156c78f6c3d ==============================
[0m15:59:51.348560 [info ] [MainThread]: Running with dbt=1.9.4
[0m15:59:51.349086 [debug] [MainThread]: running dbt with arguments {'printer_width': '80', 'indirect_selection': 'eager', 'log_cache_events': 'False', 'write_json': 'True', 'partial_parse': 'True', 'cache_selected_only': 'False', 'warn_error': 'None', 'debug': 'False', 'profiles_dir': 'C:\\Users\\Bruno Guerreiro\\.dbt', 'log_path': 'c:\\Users\\Bruno Guerreiro\\Documents\\code-projects\\gcp-biomarkers\\bg_nhanes_project\\logs', 'version_check': 'True', 'fail_fast': 'False', 'use_colors': 'True', 'use_experimental_parser': 'False', 'no_print': 'None', 'quiet': 'False', 'empty': 'None', 'warn_error_options': 'WarnErrorOptions(include=[], exclude=[])', 'static_parser': 'True', 'invocation_command': 'dbt ', 'introspect': 'True', 'target_path': 'None', 'log_format': 'default', 'send_anonymous_usage_stats': 'True'}
[0m15:59:51.465169 [debug] [MainThread]: Sending event: {'category': 'dbt', 'action': 'project_id', 'label': '367c67ec-ac06-497e-8122-e156c78f6c3d', 'context': [<snowplow_tracker.self_describing_json.SelfDescribingJson object at 0x00000223BBC2AC40>]}
[0m15:59:51.491650 [info ] [MainThread]: Warning: No packages were found in packages.yml
[0m15:59:51.492831 [info ] [MainThread]: Warning: No packages were found in packages.yml
[0m15:59:51.493931 [debug] [MainThread]: Command `cli deps` succeeded at 15:59:51.493807 after 0.27 seconds
[0m15:59:51.494261 [debug] [MainThread]: Sending event: {'category': 'dbt', 'action': 'invocation', 'label': 'end', 'context': [<snowplow_tracker.self_describing_json.SelfDescribingJson object at 0x00000223BC5BBDF0>, <snowplow_tracker.self_describing_json.SelfDescribingJson object at 0x00000223BC88C5A0>, <snowplow_tracker.self_describing_json.SelfDescribingJson object at 0x00000223BC5D7650>]}
[0m15:59:51.494599 [debug] [MainThread]: Flushing usage events
[0m15:59:52.029216 [debug] [MainThread]: An error was encountered while trying to flush usage events
[0m16:47:30.137373 [debug] [MainThread]: Sending event: {'category': 'dbt', 'action': 'invocation', 'label': 'start', 'context': [<snowplow_tracker.self_describing_json.SelfDescribingJson object at 0x7f9de37c8530>, <snowplow_tracker.self_describing_json.SelfDescribingJson object at 0x7f9de41d2d80>, <snowplow_tracker.self_describing_json.SelfDescribingJson object at 0x7f9de4f0ed50>]}


============================== 16:47:30.146914 | f888ea1a-9b35-4f59-a3f7-3e439726abe4 ==============================
[0m16:47:30.146914 [info ] [MainThread]: Running with dbt=1.9.4
[0m16:47:30.147905 [debug] [MainThread]: running dbt with arguments {'printer_width': '80', 'indirect_selection': 'eager', 'write_json': 'True', 'log_cache_events': 'False', 'partial_parse': 'True', 'cache_selected_only': 'False', 'warn_error': 'None', 'fail_fast': 'False', 'debug': 'False', 'log_path': '/opt/airflow/dags/dbt/nhanes_project/logs', 'version_check': 'True', 'profiles_dir': '/opt/airflow/dags/dbt/nhanes_project', 'use_colors': 'True', 'use_experimental_parser': 'False', 'empty': 'False', 'quiet': 'False', 'no_print': 'None', 'warn_error_options': 'WarnErrorOptions(include=[], exclude=[])', 'invocation_command': 'dbt run --select stg_health_data', 'static_parser': 'True', 'log_format': 'default', 'target_path': 'None', 'introspect': 'True', 'send_anonymous_usage_stats': 'True'}
[0m16:47:32.335905 [debug] [MainThread]: Sending event: {'category': 'dbt', 'action': 'project_id', 'label': 'f888ea1a-9b35-4f59-a3f7-3e439726abe4', 'context': [<snowplow_tracker.self_describing_json.SelfDescribingJson object at 0x7f9de545f9b0>]}
[0m16:47:32.433836 [debug] [MainThread]: Sending event: {'category': 'dbt', 'action': 'adapter_info', 'label': 'f888ea1a-9b35-4f59-a3f7-3e439726abe4', 'context': [<snowplow_tracker.self_describing_json.SelfDescribingJson object at 0x7f9de3183ad0>]}
[0m16:47:32.434918 [info ] [MainThread]: Registered adapter: bigquery=1.9.1
[0m16:47:32.586346 [debug] [MainThread]: checksum: b5597158181700c50f5bc1c71fe28b37a6fb85633dc5323885263678b6bc782c, vars: {}, profile: , target: , version: 1.9.4
[0m16:47:32.780879 [debug] [MainThread]: Partial parsing enabled: 163 files deleted, 163 files added, 0 files changed.
[0m16:47:32.781680 [debug] [MainThread]: Partial parsing: added file: dbt_bigquery://macros/utils/date.sql
[0m16:47:32.782251 [debug] [MainThread]: Partial parsing: added file: dbt_bigquery://macros/utils/safe_cast.sql
[0m16:47:32.782829 [debug] [MainThread]: Partial parsing: added file: dbt_bigquery://macros/relations/materialized_view/create.sql
[0m16:47:32.783356 [debug] [MainThread]: Partial parsing: added file: dbt://macros/relations/replace.sql
[0m16:47:32.783936 [debug] [MainThread]: Partial parsing: added file: dbt_bigquery://macros/relations/table/drop.sql
[0m16:47:32.784467 [debug] [MainThread]: Partial parsing: added file: dbt_bigquery://macros/utils/datediff.sql
[0m16:47:32.784997 [debug] [MainThread]: Partial parsing: added file: dbt_bigquery://macros/catalog/by_relation.sql
[0m16:47:32.785510 [debug] [MainThread]: Partial parsing: added file: dbt_bigquery://macros/adapters/columns.sql
[0m16:47:32.785982 [debug] [MainThread]: Partial parsing: added file: dbt://macros/materializations/models/incremental/incremental.sql
[0m16:47:32.786482 [debug] [MainThread]: Partial parsing: added file: dbt_bigquery://macros/relations/partition.sql
[0m16:47:32.786952 [debug] [MainThread]: Partial parsing: added file: dbt://macros/materializations/models/table.sql
[0m16:47:32.787473 [debug] [MainThread]: Partial parsing: added file: dbt://macros/relations/table/replace.sql
[0m16:47:32.788076 [debug] [MainThread]: Partial parsing: added file: dbt://macros/utils/generate_series.sql
[0m16:47:32.788578 [debug] [MainThread]: Partial parsing: added file: bg_nhanes_project://models/cdc_nhanes/int_biomarkers_enriched.sql
[0m16:47:32.789047 [debug] [MainThread]: Partial parsing: added file: dbt://macros/materializations/models/clone/create_or_replace_clone.sql
[0m16:47:32.789564 [debug] [MainThread]: Partial parsing: added file: dbt://macros/get_custom_name/get_custom_alias.sql
[0m16:47:32.790131 [debug] [MainThread]: Partial parsing: added file: dbt_bigquery://macros/utils/dateadd.sql
[0m16:47:32.790748 [debug] [MainThread]: Partial parsing: added file: dbt_bigquery://macros/relations/table/rename.sql
[0m16:47:32.791355 [debug] [MainThread]: Partial parsing: added file: dbt://macros/materializations/snapshots/strategies.sql
[0m16:47:32.791828 [debug] [MainThread]: Partial parsing: added file: dbt://macros/relations/view/rename.sql
[0m16:47:32.792302 [debug] [MainThread]: Partial parsing: added file: dbt_bigquery://macros/relations/materialized_view/replace.sql
[0m16:47:32.792767 [debug] [MainThread]: Partial parsing: added file: dbt_bigquery://macros/utils/array_append.sql
[0m16:47:32.793228 [debug] [MainThread]: Partial parsing: added file: dbt_bigquery://macros/utils/get_columns_spec_ddl.sql
[0m16:47:32.793854 [debug] [MainThread]: Partial parsing: added file: dbt_bigquery://macros/relations/materialized_view/drop.sql
[0m16:47:32.794323 [debug] [MainThread]: Partial parsing: added file: dbt_bigquery://macros/utils/string_literal.sql
[0m16:47:32.794812 [debug] [MainThread]: Partial parsing: added file: dbt://macros/generic_test_sql/unique.sql
[0m16:47:32.795296 [debug] [MainThread]: Partial parsing: added file: dbt://macros/relations/table/rename.sql
[0m16:47:32.795785 [debug] [MainThread]: Partial parsing: added file: dbt://macros/relations/materialized_view/alter.sql
[0m16:47:32.796293 [debug] [MainThread]: Partial parsing: added file: dbt://macros/relations/materialized_view/drop.sql
[0m16:47:32.796799 [debug] [MainThread]: Partial parsing: added file: dbt_bigquery://macros/relations/rename.sql
[0m16:47:32.797351 [debug] [MainThread]: Partial parsing: added file: dbt://macros/relations/view/drop.sql
[0m16:47:32.797910 [debug] [MainThread]: Partial parsing: added file: dbt://macros/utils/escape_single_quotes.sql
[0m16:47:32.798410 [debug] [MainThread]: Partial parsing: added file: dbt://macros/relations/create_intermediate.sql
[0m16:47:32.798917 [debug] [MainThread]: Partial parsing: added file: dbt://macros/utils/length.sql
[0m16:47:32.799411 [debug] [MainThread]: Partial parsing: added file: dbt://macros/utils/data_types.sql
[0m16:47:32.799934 [debug] [MainThread]: Partial parsing: added file: dbt_bigquery://macros/utils/hash.sql
[0m16:47:32.800409 [debug] [MainThread]: Partial parsing: added file: dbt://macros/materializations/models/incremental/is_incremental.sql
[0m16:47:32.800903 [debug] [MainThread]: Partial parsing: added file: dbt://macros/adapters/apply_grants.sql
[0m16:47:32.801410 [debug] [MainThread]: Partial parsing: added file: bg_nhanes_project://models/cdc_nhanes/fct_longevity_summary.sql
[0m16:47:32.801924 [debug] [MainThread]: Partial parsing: added file: dbt://macros/utils/date_spine.sql
[0m16:47:32.802407 [debug] [MainThread]: Partial parsing: added file: dbt://macros/adapters/columns.sql
[0m16:47:32.802904 [debug] [MainThread]: Partial parsing: added file: dbt://macros/utils/array_concat.sql
[0m16:47:32.803382 [debug] [MainThread]: Partial parsing: added file: dbt://tests/generic/builtin.sql
[0m16:47:32.803882 [debug] [MainThread]: Partial parsing: added file: dbt_bigquery://macros/relations/options.sql
[0m16:47:32.804486 [debug] [MainThread]: Partial parsing: added file: bg_nhanes_project://models/cdc_nhanes/sources.yml
[0m16:47:32.805035 [debug] [MainThread]: Partial parsing: added file: dbt_bigquery://macros/utils/split_part.sql
[0m16:47:32.805578 [debug] [MainThread]: Partial parsing: added file: dbt_bigquery://macros/utils/timestamps.sql
[0m16:47:32.806083 [debug] [MainThread]: Partial parsing: added file: dbt_bigquery://macros/catalog/catalog.sql
[0m16:47:32.806574 [debug] [MainThread]: Partial parsing: added file: dbt_bigquery://macros/materializations/incremental_strategy/insert_overwrite.sql
[0m16:47:32.807091 [debug] [MainThread]: Partial parsing: added file: dbt_bigquery://macros/materializations/seed.sql
[0m16:47:32.807665 [debug] [MainThread]: Partial parsing: added file: dbt://macros/relations/create_backup.sql
[0m16:47:32.808169 [debug] [MainThread]: Partial parsing: added file: dbt://macros/adapters/validate_sql.sql
[0m16:47:32.808782 [debug] [MainThread]: Partial parsing: added file: dbt://macros/relations/drop.sql
[0m16:47:32.809284 [debug] [MainThread]: Partial parsing: added file: dbt://macros/relations/schema.sql
[0m16:47:32.809795 [debug] [MainThread]: Partial parsing: added file: dbt://macros/materializations/tests/unit.sql
[0m16:47:32.810276 [debug] [MainThread]: Partial parsing: added file: dbt://macros/relations/view/replace.sql
[0m16:47:32.810782 [debug] [MainThread]: Partial parsing: added file: dbt://macros/materializations/tests/where_subquery.sql
[0m16:47:32.811250 [debug] [MainThread]: Partial parsing: added file: dbt://macros/relations/table/create.sql
[0m16:47:32.811703 [debug] [MainThread]: Partial parsing: added file: dbt://macros/adapters/persist_docs.sql
[0m16:47:32.812187 [debug] [MainThread]: Partial parsing: added file: dbt_bigquery://macros/materializations/clone.sql
[0m16:47:32.812744 [debug] [MainThread]: Partial parsing: added file: dbt_bigquery://macros/utils/escape_single_quotes.sql
[0m16:47:32.813266 [debug] [MainThread]: Partial parsing: added file: dbt://macros/utils/date.sql
[0m16:47:32.813884 [debug] [MainThread]: Partial parsing: added file: dbt://macros/utils/except.sql
[0m16:47:32.814364 [debug] [MainThread]: Partial parsing: added file: dbt://macros/materializations/models/clone/can_clone_table.sql
[0m16:47:32.814854 [debug] [MainThread]: Partial parsing: added file: dbt://macros/relations/rename_intermediate.sql
[0m16:47:32.815301 [debug] [MainThread]: Partial parsing: added file: dbt_bigquery://macros/materializations/incremental_strategy/microbatch.sql
[0m16:47:32.815879 [debug] [MainThread]: Partial parsing: added file: bg_nhanes_project://models/cdc_nhanes/schema.yml
[0m16:47:32.816348 [debug] [MainThread]: Partial parsing: added file: dbt://macros/generic_test_sql/accepted_values.sql
[0m16:47:32.816806 [debug] [MainThread]: Partial parsing: added file: dbt://macros/relations/view/create.sql
[0m16:47:32.817289 [debug] [MainThread]: Partial parsing: added file: dbt://macros/materializations/tests/test.sql
[0m16:47:32.817820 [debug] [MainThread]: Partial parsing: added file: dbt_bigquery://macros/utils/date_trunc.sql
[0m16:47:32.818304 [debug] [MainThread]: Partial parsing: added file: dbt://macros/adapters/timestamps.sql
[0m16:47:32.818761 [debug] [MainThread]: Partial parsing: added file: dbt://macros/relations/drop_backup.sql
[0m16:47:32.819245 [debug] [MainThread]: Partial parsing: added file: dbt_bigquery://macros/adapters/apply_grants.sql
[0m16:47:32.819763 [debug] [MainThread]: Partial parsing: added file: dbt_bigquery://macros/etc.sql
[0m16:47:32.820282 [debug] [MainThread]: Partial parsing: added file: dbt_bigquery://macros/adapters.sql
[0m16:47:32.820804 [debug] [MainThread]: Partial parsing: added file: dbt://macros/materializations/models/incremental/column_helpers.sql
[0m16:47:32.821283 [debug] [MainThread]: Partial parsing: added file: dbt://macros/materializations/models/view.sql
[0m16:47:32.821779 [debug] [MainThread]: Partial parsing: added file: dbt_bigquery://macros/utils/listagg.sql
[0m16:47:32.822295 [debug] [MainThread]: Partial parsing: added file: dbt_bigquery://macros/relations/materialized_view/refresh.sql
[0m16:47:32.822849 [debug] [MainThread]: Partial parsing: added file: dbt_bigquery://macros/materializations/incremental_strategy/common.sql
[0m16:47:32.823354 [debug] [MainThread]: Partial parsing: added file: dbt://macros/materializations/models/incremental/strategies.sql
[0m16:47:32.823880 [debug] [MainThread]: Partial parsing: added file: dbt://macros/generic_test_sql/not_null.sql
[0m16:47:32.824337 [debug] [MainThread]: Partial parsing: added file: dbt://macros/materializations/models/incremental/merge.sql
[0m16:47:32.824845 [debug] [MainThread]: Partial parsing: added file: dbt://macros/utils/right.sql
[0m16:47:32.825454 [debug] [MainThread]: Partial parsing: added file: dbt://macros/utils/cast.sql
[0m16:47:32.825957 [debug] [MainThread]: Partial parsing: added file: dbt://macros/etc/statement.sql
[0m16:47:32.826448 [debug] [MainThread]: Partial parsing: added file: dbt://macros/utils/listagg.sql
[0m16:47:32.826933 [debug] [MainThread]: Partial parsing: added file: dbt_bigquery://macros/utils/position.sql
[0m16:47:32.827458 [debug] [MainThread]: Partial parsing: added file: dbt://macros/materializations/seeds/seed.sql
[0m16:47:32.827997 [debug] [MainThread]: Partial parsing: added file: dbt://macros/relations/column/columns_spec_ddl.sql
[0m16:47:32.828515 [debug] [MainThread]: Partial parsing: added file: dbt_bigquery://macros/materializations/incremental_strategy/merge.sql
[0m16:47:32.828976 [debug] [MainThread]: Partial parsing: added file: dbt_bigquery://macros/utils/except.sql
[0m16:47:32.829440 [debug] [MainThread]: Partial parsing: added file: dbt://macros/materializations/tests/helpers.sql
[0m16:47:32.829904 [debug] [MainThread]: Partial parsing: added file: dbt://macros/materializations/models/clone/clone.sql
[0m16:47:32.830388 [debug] [MainThread]: Partial parsing: added file: dbt://macros/materializations/configs.sql
[0m16:47:32.830889 [debug] [MainThread]: Partial parsing: added file: dbt://macros/utils/last_day.sql
[0m16:47:32.831348 [debug] [MainThread]: Partial parsing: added file: dbt://macros/get_custom_name/get_custom_schema.sql
[0m16:47:32.831876 [debug] [MainThread]: Partial parsing: added file: dbt://macros/adapters/show.sql
[0m16:47:32.832378 [debug] [MainThread]: Partial parsing: added file: dbt://macros/materializations/models/incremental/on_schema_change.sql
[0m16:47:32.832838 [debug] [MainThread]: Partial parsing: added file: dbt://macros/utils/equals.sql
[0m16:47:32.833305 [debug] [MainThread]: Partial parsing: added file: dbt_bigquery://macros/materializations/view.sql
[0m16:47:32.833780 [debug] [MainThread]: Partial parsing: added file: dbt://macros/relations/materialized_view/create.sql
[0m16:47:32.834238 [debug] [MainThread]: Partial parsing: added file: dbt://macros/relations/materialized_view/replace.sql
[0m16:47:32.834723 [debug] [MainThread]: Partial parsing: added file: dbt://macros/adapters/freshness.sql
[0m16:47:32.835195 [debug] [MainThread]: Partial parsing: added file: dbt://macros/relations/rename.sql
[0m16:47:32.835772 [debug] [MainThread]: Partial parsing: added file: dbt://macros/materializations/snapshots/snapshot.sql
[0m16:47:32.836303 [debug] [MainThread]: Partial parsing: added file: dbt://macros/utils/split_part.sql
[0m16:47:32.836789 [debug] [MainThread]: Partial parsing: added file: dbt://macros/generic_test_sql/relationships.sql
[0m16:47:32.837287 [debug] [MainThread]: Partial parsing: added file: dbt_bigquery://macros/utils/array_concat.sql
[0m16:47:32.837788 [debug] [MainThread]: Partial parsing: added file: dbt://macros/materializations/seeds/helpers.sql
[0m16:47:32.838261 [debug] [MainThread]: Partial parsing: added file: dbt_bigquery://macros/relations/drop.sql
[0m16:47:32.838761 [debug] [MainThread]: Partial parsing: added file: dbt://macros/python_model/python.sql
[0m16:47:32.839233 [debug] [MainThread]: Partial parsing: added file: dbt://macros/utils/any_value.sql
[0m16:47:32.839742 [debug] [MainThread]: Partial parsing: added file: dbt://macros/relations/materialized_view/refresh.sql
[0m16:47:32.840203 [debug] [MainThread]: Partial parsing: added file: dbt://macros/adapters/schema.sql
[0m16:47:32.841035 [debug] [MainThread]: Partial parsing: added file: dbt://macros/utils/datediff.sql
[0m16:47:32.841881 [debug] [MainThread]: Partial parsing: added file: dbt://macros/materializations/snapshots/snapshot_merge.sql
[0m16:47:32.842408 [debug] [MainThread]: Partial parsing: added file: dbt://macros/materializations/hooks.sql
[0m16:47:32.842998 [debug] [MainThread]: Partial parsing: added file: dbt://macros/materializations/models/materialized_view.sql
[0m16:47:32.843686 [debug] [MainThread]: Partial parsing: added file: dbt_bigquery://macros/relations/materialized_view/alter.sql
[0m16:47:32.844239 [debug] [MainThread]: Partial parsing: added file: dbt://macros/adapters/metadata.sql
[0m16:47:32.844704 [debug] [MainThread]: Partial parsing: added file: dbt_bigquery://macros/python_model/python.sql
[0m16:47:32.845375 [debug] [MainThread]: Partial parsing: added file: dbt://macros/get_custom_name/get_custom_database.sql
[0m16:47:32.846053 [debug] [MainThread]: Partial parsing: added file: dbt://macros/adapters/indexes.sql
[0m16:47:32.846703 [debug] [MainThread]: Partial parsing: added file: dbt://macros/utils/array_construct.sql
[0m16:47:32.847344 [debug] [MainThread]: Partial parsing: added file: dbt://macros/etc/datetime.sql
[0m16:47:32.847986 [debug] [MainThread]: Partial parsing: added file: dbt://macros/utils/date_trunc.sql
[0m16:47:32.848660 [debug] [MainThread]: Partial parsing: added file: dbt_bigquery://macros/relations/view/drop.sql
[0m16:47:32.849314 [debug] [MainThread]: Partial parsing: added file: dbt://macros/utils/hash.sql
[0m16:47:32.849955 [debug] [MainThread]: Partial parsing: added file: dbt_bigquery://macros/relations/view/rename.sql
[0m16:47:32.850614 [debug] [MainThread]: Partial parsing: added file: dbt_bigquery://macros/materializations/incremental_strategy/time_ingestion_tables.sql
[0m16:47:32.851264 [debug] [MainThread]: Partial parsing: added file: dbt://macros/utils/replace.sql
[0m16:47:32.851958 [debug] [MainThread]: Partial parsing: added file: dbt://macros/materializations/snapshots/helpers.sql
[0m16:47:32.852653 [debug] [MainThread]: Partial parsing: added file: dbt_bigquery://macros/materializations/incremental.sql
[0m16:47:32.853340 [debug] [MainThread]: Partial parsing: added file: dbt_bigquery://macros/materializations/snapshot.sql
[0m16:47:32.854068 [debug] [MainThread]: Partial parsing: added file: dbt_bigquery://macros/utils/right.sql
[0m16:47:32.854791 [debug] [MainThread]: Partial parsing: added file: dbt://macros/unit_test_sql/get_fixture_sql.sql
[0m16:47:32.855505 [debug] [MainThread]: Partial parsing: added file: dbt://macros/utils/safe_cast.sql
[0m16:47:32.856242 [debug] [MainThread]: Partial parsing: added file: dbt://macros/relations/create.sql
[0m16:47:32.856918 [debug] [MainThread]: Partial parsing: added file: dbt_bigquery://macros/materializations/copy.sql
[0m16:47:32.857591 [debug] [MainThread]: Partial parsing: added file: dbt_bigquery://macros/relations/view/replace.sql
[0m16:47:32.858545 [debug] [MainThread]: Partial parsing: added file: dbt://macros/adapters/relation.sql
[0m16:47:32.859516 [debug] [MainThread]: Partial parsing: added file: dbt_bigquery://macros/relations/view/options.sql
[0m16:47:32.860345 [debug] [MainThread]: Partial parsing: added file: dbt://docs/overview.md
[0m16:47:32.861049 [debug] [MainThread]: Partial parsing: added file: dbt://macros/utils/cast_bool_to_text.sql
[0m16:47:32.861817 [debug] [MainThread]: Partial parsing: added file: dbt_bigquery://macros/utils/array_construct.sql
[0m16:47:32.862392 [debug] [MainThread]: Partial parsing: added file: dbt://macros/utils/dateadd.sql
[0m16:47:32.862942 [debug] [MainThread]: Partial parsing: added file: dbt_bigquery://macros/relations/table/options.sql
[0m16:47:32.863565 [debug] [MainThread]: Partial parsing: added file: dbt://macros/utils/concat.sql
[0m16:47:32.864394 [debug] [MainThread]: Partial parsing: added file: dbt://macros/utils/intersect.sql
[0m16:47:32.865109 [debug] [MainThread]: Partial parsing: added file: dbt_bigquery://macros/utils/intersect.sql
[0m16:47:32.865877 [debug] [MainThread]: Partial parsing: added file: dbt_bigquery://macros/utils/bool_or.sql
[0m16:47:32.867091 [debug] [MainThread]: Partial parsing: added file: dbt://macros/utils/bool_or.sql
[0m16:47:32.867718 [debug] [MainThread]: Partial parsing: added file: dbt_bigquery://macros/relations/cluster.sql
[0m16:47:32.868349 [debug] [MainThread]: Partial parsing: added file: dbt_bigquery://macros/catalog/by_schema.sql
[0m16:47:32.868857 [debug] [MainThread]: Partial parsing: added file: dbt://macros/relations/materialized_view/rename.sql
[0m16:47:32.869422 [debug] [MainThread]: Partial parsing: added file: dbt://macros/relations/table/drop.sql
[0m16:47:32.869913 [debug] [MainThread]: Partial parsing: added file: dbt://macros/utils/array_append.sql
[0m16:47:32.870437 [debug] [MainThread]: Partial parsing: added file: dbt://macros/utils/position.sql
[0m16:47:32.870919 [debug] [MainThread]: Partial parsing: added file: dbt_bigquery://macros/materializations/table.sql
[0m16:47:32.871497 [debug] [MainThread]: Partial parsing: added file: dbt://macros/utils/literal.sql
[0m16:47:32.872166 [debug] [MainThread]: Partial parsing: added file: bg_nhanes_project://models/cdc_nhanes/stg_health_data.sql
[0m16:47:32.873297 [debug] [MainThread]: Partial parsing: deleted file: dbt_bigquery://macros\utils\safe_cast.sql
[0m16:47:32.874408 [debug] [MainThread]: Partial parsing: deleted file: dbt://macros\etc\statement.sql
[0m16:47:32.875215 [debug] [MainThread]: Partial parsing: deleted file: dbt_bigquery://macros\relations\options.sql
[0m16:47:32.875700 [debug] [MainThread]: Partial parsing: deleted file: dbt://macros\materializations\models\clone\clone.sql
[0m16:47:32.876234 [debug] [MainThread]: Partial parsing: deleted file: dbt://macros\materializations\models\incremental\strategies.sql
[0m16:47:32.876910 [debug] [MainThread]: Partial parsing: deleted file: dbt://macros\relations\materialized_view\refresh.sql
[0m16:47:32.877556 [debug] [MainThread]: Partial parsing: deleted file: dbt://macros\utils\cast_bool_to_text.sql
[0m16:47:32.878251 [debug] [MainThread]: Partial parsing: deleted file: dbt://macros\utils\date_trunc.sql
[0m16:47:32.879716 [debug] [MainThread]: Partial parsing: deleted file: dbt_bigquery://macros\utils\get_columns_spec_ddl.sql
[0m16:47:32.880361 [debug] [MainThread]: Partial parsing: deleted file: dbt_bigquery://macros\relations\materialized_view\replace.sql
[0m16:47:32.880871 [debug] [MainThread]: Partial parsing: deleted file: dbt://macros\materializations\seeds\seed.sql
[0m16:47:32.881429 [debug] [MainThread]: Partial parsing: deleted file: dbt_bigquery://macros\relations\rename.sql
[0m16:47:32.882338 [debug] [MainThread]: Partial parsing: deleted file: dbt://macros\utils\safe_cast.sql
[0m16:47:32.883099 [debug] [MainThread]: Partial parsing: deleted file: dbt://macros\materializations\models\table.sql
[0m16:47:32.883797 [debug] [MainThread]: Partial parsing: deleted file: dbt_bigquery://macros\etc.sql
[0m16:47:32.884353 [debug] [MainThread]: Partial parsing: deleted file: dbt_bigquery://macros\utils\timestamps.sql
[0m16:47:32.884862 [debug] [MainThread]: Partial parsing: deleted file: dbt://tests\generic\builtin.sql
[0m16:47:32.885451 [debug] [MainThread]: Partial parsing: deleted file: dbt_bigquery://macros\materializations\incremental_strategy\insert_overwrite.sql
[0m16:47:32.885961 [debug] [MainThread]: Partial parsing: deleted file: dbt_bigquery://macros\materializations\incremental_strategy\merge.sql
[0m16:47:32.886432 [debug] [MainThread]: Partial parsing: deleted file: dbt_bigquery://macros\python_model\python.sql
[0m16:47:32.886974 [debug] [MainThread]: Partial parsing: deleted file: dbt://macros\relations\drop_backup.sql
[0m16:47:32.887536 [debug] [MainThread]: Partial parsing: deleted file: dbt_bigquery://macros\relations\partition.sql
[0m16:47:32.888027 [debug] [MainThread]: Partial parsing: deleted file: dbt://macros\materializations\models\clone\can_clone_table.sql
[0m16:47:32.888490 [debug] [MainThread]: Partial parsing: deleted file: dbt_bigquery://macros\utils\listagg.sql
[0m16:47:32.889039 [debug] [MainThread]: Partial parsing: deleted file: dbt_bigquery://macros\relations\view\replace.sql
[0m16:47:32.889669 [debug] [MainThread]: Partial parsing: deleted file: bg_nhanes_project://models\cdc_nhanes\fct_longevity_summary.sql
[0m16:47:32.890260 [debug] [MainThread]: Partial parsing: deleted file: dbt://macros\materializations\models\materialized_view.sql
[0m16:47:32.890996 [debug] [MainThread]: Partial parsing: deleted file: dbt_bigquery://macros\materializations\seed.sql
[0m16:47:32.891704 [debug] [MainThread]: Partial parsing: deleted file: dbt://macros\utils\array_construct.sql
[0m16:47:32.892434 [debug] [MainThread]: Partial parsing: deleted file: dbt://macros\adapters\persist_docs.sql
[0m16:47:32.893604 [debug] [MainThread]: Partial parsing: deleted file: dbt://macros\adapters\relation.sql
[0m16:47:32.894504 [debug] [MainThread]: Partial parsing: deleted file: dbt://macros\relations\create_backup.sql
[0m16:47:32.895218 [debug] [MainThread]: Partial parsing: deleted file: dbt://macros\adapters\schema.sql
[0m16:47:32.895796 [debug] [MainThread]: Partial parsing: deleted file: dbt://macros\utils\last_day.sql
[0m16:47:32.896427 [debug] [MainThread]: Partial parsing: deleted file: dbt://macros\utils\escape_single_quotes.sql
[0m16:47:32.897231 [debug] [MainThread]: Partial parsing: deleted file: dbt_bigquery://macros\utils\right.sql
[0m16:47:32.898225 [debug] [MainThread]: Partial parsing: deleted file: dbt://macros\relations\view\rename.sql
[0m16:47:32.898934 [debug] [MainThread]: Partial parsing: deleted file: dbt_bigquery://macros\relations\table\rename.sql
[0m16:47:32.899617 [debug] [MainThread]: Partial parsing: deleted file: dbt://macros\generic_test_sql\not_null.sql
[0m16:47:32.900424 [debug] [MainThread]: Partial parsing: deleted file: dbt://macros\materializations\models\incremental\on_schema_change.sql
[0m16:47:32.901105 [debug] [MainThread]: Partial parsing: deleted file: dbt://macros\utils\except.sql
[0m16:47:32.902024 [debug] [MainThread]: Partial parsing: deleted file: dbt://macros\utils\literal.sql
[0m16:47:32.902824 [debug] [MainThread]: Partial parsing: deleted file: dbt://macros\utils\hash.sql
[0m16:47:32.903534 [debug] [MainThread]: Partial parsing: deleted file: dbt://macros\relations\create_intermediate.sql
[0m16:47:32.904518 [debug] [MainThread]: Partial parsing: deleted file: dbt://macros\relations\rename_intermediate.sql
[0m16:47:32.905409 [debug] [MainThread]: Partial parsing: deleted file: dbt_bigquery://macros\utils\date.sql
[0m16:47:32.906137 [debug] [MainThread]: Partial parsing: deleted file: dbt://macros\relations\materialized_view\alter.sql
[0m16:47:32.906683 [debug] [MainThread]: Partial parsing: deleted file: dbt_bigquery://macros\relations\view\rename.sql
[0m16:47:32.907886 [debug] [MainThread]: Partial parsing: deleted file: dbt://macros\relations\table\rename.sql
[0m16:47:32.910104 [debug] [MainThread]: Partial parsing: deleted file: dbt_bigquery://macros\adapters\columns.sql
[0m16:47:32.910797 [debug] [MainThread]: Partial parsing: deleted file: dbt://macros\utils\position.sql
[0m16:47:32.911378 [debug] [MainThread]: Partial parsing: deleted file: dbt_bigquery://macros\utils\dateadd.sql
[0m16:47:32.912214 [debug] [MainThread]: Partial parsing: deleted file: dbt://macros\utils\data_types.sql
[0m16:47:32.913016 [debug] [MainThread]: Partial parsing: deleted file: dbt_bigquery://macros\utils\string_literal.sql
[0m16:47:32.913823 [debug] [MainThread]: Partial parsing: deleted file: dbt://macros\materializations\tests\unit.sql
[0m16:47:32.914663 [debug] [MainThread]: Partial parsing: deleted file: dbt://macros\utils\equals.sql
[0m16:47:32.915343 [debug] [MainThread]: Partial parsing: deleted file: dbt://macros\relations\materialized_view\drop.sql
[0m16:47:32.916094 [debug] [MainThread]: Partial parsing: deleted file: dbt://macros\utils\generate_series.sql
[0m16:47:32.916762 [debug] [MainThread]: Partial parsing: deleted file: dbt_bigquery://macros\materializations\incremental.sql
[0m16:47:32.917279 [debug] [MainThread]: Partial parsing: deleted file: dbt_bigquery://macros\utils\escape_single_quotes.sql
[0m16:47:32.917919 [debug] [MainThread]: Partial parsing: deleted file: dbt://macros\adapters\indexes.sql
[0m16:47:32.918502 [debug] [MainThread]: Partial parsing: deleted file: dbt://macros\materializations\models\view.sql
[0m16:47:32.919172 [debug] [MainThread]: Partial parsing: deleted file: dbt_bigquery://macros\catalog\catalog.sql
[0m16:47:32.919917 [debug] [MainThread]: Partial parsing: deleted file: dbt://macros\utils\date_spine.sql
[0m16:47:32.920624 [debug] [MainThread]: Partial parsing: deleted file: dbt_bigquery://macros\materializations\incremental_strategy\common.sql
[0m16:47:32.921129 [debug] [MainThread]: Partial parsing: deleted file: dbt://macros\utils\array_append.sql
[0m16:47:32.921783 [debug] [MainThread]: Partial parsing: deleted file: dbt://macros\utils\array_concat.sql
[0m16:47:32.922406 [debug] [MainThread]: Partial parsing: deleted file: dbt://macros\python_model\python.sql
[0m16:47:32.922880 [debug] [MainThread]: Partial parsing: deleted file: dbt://macros\utils\right.sql
[0m16:47:32.923387 [debug] [MainThread]: Partial parsing: deleted file: dbt://macros\materializations\tests\test.sql
[0m16:47:32.923896 [debug] [MainThread]: Partial parsing: deleted file: dbt_bigquery://macros\materializations\copy.sql
[0m16:47:32.924394 [debug] [MainThread]: Partial parsing: deleted file: dbt://macros\relations\schema.sql
[0m16:47:32.924961 [debug] [MainThread]: Partial parsing: deleted file: dbt://macros\relations\view\create.sql
[0m16:47:32.925702 [debug] [MainThread]: Partial parsing: deleted file: dbt_bigquery://macros\utils\array_append.sql
[0m16:47:32.926490 [debug] [MainThread]: Partial parsing: deleted file: dbt_bigquery://macros\utils\intersect.sql
[0m16:47:32.927191 [debug] [MainThread]: Partial parsing: deleted file: dbt_bigquery://macros\relations\materialized_view\refresh.sql
[0m16:47:32.928082 [debug] [MainThread]: Partial parsing: deleted file: dbt_bigquery://macros\utils\except.sql
[0m16:47:32.928880 [debug] [MainThread]: Partial parsing: deleted file: dbt://macros\materializations\tests\where_subquery.sql
[0m16:47:32.929401 [debug] [MainThread]: Partial parsing: deleted file: dbt://macros\get_custom_name\get_custom_database.sql
[0m16:47:32.930088 [debug] [MainThread]: Partial parsing: deleted file: dbt://macros\materializations\models\incremental\incremental.sql
[0m16:47:32.930668 [debug] [MainThread]: Partial parsing: deleted file: dbt://macros\utils\replace.sql
[0m16:47:32.931211 [debug] [MainThread]: Partial parsing: deleted file: dbt://macros\utils\dateadd.sql
[0m16:47:32.931696 [debug] [MainThread]: Partial parsing: deleted file: dbt://macros\generic_test_sql\accepted_values.sql
[0m16:47:32.932210 [debug] [MainThread]: Partial parsing: deleted file: dbt://macros\generic_test_sql\unique.sql
[0m16:47:32.932700 [debug] [MainThread]: Partial parsing: deleted file: dbt://macros\utils\intersect.sql
[0m16:47:32.933315 [debug] [MainThread]: Partial parsing: deleted file: dbt://docs\overview.md
[0m16:47:32.934193 [debug] [MainThread]: Partial parsing: deleted file: dbt://macros\materializations\seeds\helpers.sql
[0m16:47:32.935552 [debug] [MainThread]: Partial parsing: deleted file: dbt://macros\adapters\apply_grants.sql
[0m16:47:32.936481 [debug] [MainThread]: Partial parsing: deleted file: dbt_bigquery://macros\utils\array_concat.sql
[0m16:47:32.937423 [debug] [MainThread]: Partial parsing: deleted file: dbt://macros\utils\cast.sql
[0m16:47:32.938003 [debug] [MainThread]: Partial parsing: deleted file: dbt_bigquery://macros\relations\view\drop.sql
[0m16:47:32.938700 [debug] [MainThread]: Partial parsing: deleted file: dbt://macros\adapters\timestamps.sql
[0m16:47:32.939208 [debug] [MainThread]: Partial parsing: deleted file: dbt://macros\relations\materialized_view\replace.sql
[0m16:47:32.939748 [debug] [MainThread]: Partial parsing: deleted file: dbt://macros\utils\split_part.sql
[0m16:47:32.940771 [debug] [MainThread]: Partial parsing: deleted file: dbt_bigquery://macros\adapters.sql
[0m16:47:32.941528 [debug] [MainThread]: Partial parsing: deleted file: dbt://macros\relations\table\replace.sql
[0m16:47:32.942390 [debug] [MainThread]: Partial parsing: deleted file: dbt_bigquery://macros\materializations\incremental_strategy\microbatch.sql
[0m16:47:32.943206 [debug] [MainThread]: Partial parsing: deleted file: dbt://macros\relations\view\replace.sql
[0m16:47:32.944016 [debug] [MainThread]: Partial parsing: deleted file: dbt://macros\relations\replace.sql
[0m16:47:32.944703 [debug] [MainThread]: Partial parsing: deleted file: dbt://macros\utils\date.sql
[0m16:47:32.945382 [debug] [MainThread]: Partial parsing: deleted file: dbt://macros\generic_test_sql\relationships.sql
[0m16:47:32.946083 [debug] [MainThread]: Partial parsing: deleted file: dbt://macros\get_custom_name\get_custom_alias.sql
[0m16:47:32.946883 [debug] [MainThread]: Partial parsing: deleted file: dbt://macros\materializations\snapshots\strategies.sql
[0m16:47:32.947630 [debug] [MainThread]: Partial parsing: deleted file: dbt://macros\etc\datetime.sql
[0m16:47:32.948416 [debug] [MainThread]: Partial parsing: deleted file: dbt://macros\utils\listagg.sql
[0m16:47:32.949193 [debug] [MainThread]: Partial parsing: deleted file: dbt_bigquery://macros\relations\table\drop.sql
[0m16:47:32.949953 [debug] [MainThread]: Partial parsing: deleted file: dbt://macros\materializations\hooks.sql
[0m16:47:32.950708 [debug] [MainThread]: Partial parsing: deleted file: dbt://macros\unit_test_sql\get_fixture_sql.sql
[0m16:47:32.951266 [debug] [MainThread]: Partial parsing: deleted file: dbt://macros\relations\table\drop.sql
[0m16:47:32.951808 [debug] [MainThread]: Partial parsing: deleted file: dbt://macros\relations\view\drop.sql
[0m16:47:32.952261 [debug] [MainThread]: Partial parsing: deleted file: dbt://macros\materializations\snapshots\snapshot.sql
[0m16:47:32.952711 [debug] [MainThread]: Partial parsing: deleted file: dbt://macros\adapters\show.sql
[0m16:47:32.953181 [debug] [MainThread]: Partial parsing: deleted file: dbt://macros\utils\bool_or.sql
[0m16:47:32.953663 [debug] [MainThread]: Partial parsing: deleted file: bg_nhanes_project://models\cdc_nhanes\stg_health_data.sql
[0m16:47:32.954235 [debug] [MainThread]: Partial parsing: deleted file: dbt_bigquery://macros\relations\drop.sql
[0m16:47:32.954707 [debug] [MainThread]: Partial parsing: deleted file: dbt://macros\utils\concat.sql
[0m16:47:32.955667 [debug] [MainThread]: Partial parsing: deleted file: dbt://macros\relations\column\columns_spec_ddl.sql
[0m16:47:32.956161 [debug] [MainThread]: Partial parsing: deleted file: bg_nhanes_project://models\cdc_nhanes\int_biomarkers_enriched.sql
[0m16:47:32.956662 [debug] [MainThread]: Partial parsing: deleted file: dbt://macros\relations\rename.sql
[0m16:47:32.957118 [debug] [MainThread]: Partial parsing: deleted file: dbt_bigquery://macros\relations\materialized_view\alter.sql
[0m16:47:32.957668 [debug] [MainThread]: Partial parsing: deleted file: dbt_bigquery://macros\utils\bool_or.sql
[0m16:47:32.958301 [debug] [MainThread]: Partial parsing: deleted file: dbt://macros\get_custom_name\get_custom_schema.sql
[0m16:47:32.959060 [debug] [MainThread]: Partial parsing: deleted file: dbt_bigquery://macros\relations\view\options.sql
[0m16:47:32.959877 [debug] [MainThread]: Partial parsing: deleted file: dbt_bigquery://macros\adapters\apply_grants.sql
[0m16:47:32.960643 [debug] [MainThread]: Partial parsing: deleted file: dbt_bigquery://macros\materializations\table.sql
[0m16:47:32.961298 [debug] [MainThread]: Partial parsing: deleted file: dbt://macros\relations\create.sql
[0m16:47:32.961960 [debug] [MainThread]: Partial parsing: deleted file: dbt://macros\materializations\models\clone\create_or_replace_clone.sql
[0m16:47:32.962597 [debug] [MainThread]: Partial parsing: deleted file: dbt://macros\materializations\models\incremental\is_incremental.sql
[0m16:47:32.963340 [debug] [MainThread]: Partial parsing: deleted file: dbt_bigquery://macros\relations\cluster.sql
[0m16:47:32.964210 [debug] [MainThread]: Partial parsing: deleted file: dbt://macros\relations\table\create.sql
[0m16:47:32.964925 [debug] [MainThread]: Partial parsing: deleted file: dbt_bigquery://macros\utils\date_trunc.sql
[0m16:47:32.965641 [debug] [MainThread]: Partial parsing: deleted file: dbt://macros\utils\length.sql
[0m16:47:32.966368 [debug] [MainThread]: Partial parsing: deleted file: dbt_bigquery://macros\materializations\view.sql
[0m16:47:32.967066 [debug] [MainThread]: Partial parsing: deleted file: dbt_bigquery://macros\utils\datediff.sql
[0m16:47:32.967769 [debug] [MainThread]: Partial parsing: deleted file: dbt_bigquery://macros\utils\position.sql
[0m16:47:32.968478 [debug] [MainThread]: Partial parsing: deleted file: dbt://macros\adapters\freshness.sql
[0m16:47:32.969041 [debug] [MainThread]: Partial parsing: deleted file: dbt://macros\utils\datediff.sql
[0m16:47:32.969565 [debug] [MainThread]: Partial parsing: deleted file: dbt_bigquery://macros\relations\materialized_view\drop.sql
[0m16:47:32.970104 [debug] [MainThread]: Partial parsing: deleted file: dbt_bigquery://macros\catalog\by_schema.sql
[0m16:47:32.970657 [debug] [MainThread]: Partial parsing: deleted file: dbt://macros\adapters\metadata.sql
[0m16:47:32.971548 [debug] [MainThread]: Partial parsing: deleted file: dbt://macros\adapters\columns.sql
[0m16:47:32.972077 [debug] [MainThread]: Partial parsing: deleted file: dbt://macros\materializations\models\incremental\merge.sql
[0m16:47:32.972548 [debug] [MainThread]: Partial parsing: deleted file: dbt_bigquery://macros\relations\materialized_view\create.sql
[0m16:47:32.973076 [debug] [MainThread]: Partial parsing: deleted file: dbt://macros\relations\materialized_view\rename.sql
[0m16:47:32.973667 [debug] [MainThread]: Partial parsing: deleted file: dbt://macros\materializations\models\incremental\column_helpers.sql
[0m16:47:32.974211 [debug] [MainThread]: Partial parsing: deleted file: dbt_bigquery://macros\utils\split_part.sql
[0m16:47:32.974713 [debug] [MainThread]: Partial parsing: deleted file: dbt://macros\materializations\tests\helpers.sql
[0m16:47:32.975155 [debug] [MainThread]: Partial parsing: deleted file: dbt_bigquery://macros\utils\hash.sql
[0m16:47:32.975750 [debug] [MainThread]: Partial parsing: deleted file: dbt://macros\materializations\snapshots\helpers.sql
[0m16:47:32.976189 [debug] [MainThread]: Partial parsing: deleted file: dbt://macros\materializations\snapshots\snapshot_merge.sql
[0m16:47:32.976828 [debug] [MainThread]: Partial parsing: deleted file: dbt://macros\relations\materialized_view\create.sql
[0m16:47:32.977496 [debug] [MainThread]: Partial parsing: deleted file: dbt_bigquery://macros\catalog\by_relation.sql
[0m16:47:32.978180 [debug] [MainThread]: Partial parsing: deleted file: dbt://macros\utils\any_value.sql
[0m16:47:32.978919 [debug] [MainThread]: Partial parsing: deleted file: dbt://macros\materializations\configs.sql
[0m16:47:32.979624 [debug] [MainThread]: Partial parsing: deleted file: dbt_bigquery://macros\relations\table\options.sql
[0m16:47:32.980297 [debug] [MainThread]: Partial parsing: deleted file: dbt://macros\adapters\validate_sql.sql
[0m16:47:32.981011 [debug] [MainThread]: Partial parsing: deleted file: dbt_bigquery://macros\utils\array_construct.sql
[0m16:47:32.981761 [debug] [MainThread]: Partial parsing: deleted file: dbt_bigquery://macros\materializations\snapshot.sql
[0m16:47:32.982667 [debug] [MainThread]: Partial parsing: deleted file: dbt_bigquery://macros\materializations\incremental_strategy\time_ingestion_tables.sql
[0m16:47:32.983362 [debug] [MainThread]: Partial parsing: deleted file: dbt_bigquery://macros\materializations\clone.sql
[0m16:47:32.984183 [debug] [MainThread]: Partial parsing: deleted file: dbt://macros\relations\drop.sql
[0m16:47:33.055330 [error] [MainThread]: Encountered an error:
'dbt_bigquery://macros/etc.sql'
[0m16:47:33.057041 [error] [MainThread]: Traceback (most recent call last):
  File "/home/airflow/.local/lib/python3.12/site-packages/dbt/cli/requires.py", line 153, in wrapper
    result, success = func(*args, **kwargs)
                      ^^^^^^^^^^^^^^^^^^^^^
  File "/home/airflow/.local/lib/python3.12/site-packages/dbt/cli/requires.py", line 103, in wrapper
    return func(*args, **kwargs)
           ^^^^^^^^^^^^^^^^^^^^^
  File "/home/airflow/.local/lib/python3.12/site-packages/dbt/cli/requires.py", line 235, in wrapper
    return func(*args, **kwargs)
           ^^^^^^^^^^^^^^^^^^^^^
  File "/home/airflow/.local/lib/python3.12/site-packages/dbt/cli/requires.py", line 264, in wrapper
    return func(*args, **kwargs)
           ^^^^^^^^^^^^^^^^^^^^^
  File "/home/airflow/.local/lib/python3.12/site-packages/dbt/cli/requires.py", line 311, in wrapper
    return func(*args, **kwargs)
           ^^^^^^^^^^^^^^^^^^^^^
  File "/home/airflow/.local/lib/python3.12/site-packages/dbt/cli/requires.py", line 327, in wrapper
    setup_manifest(ctx, write=write, write_perf_info=write_perf_info)
  File "/home/airflow/.local/lib/python3.12/site-packages/dbt/cli/requires.py", line 351, in setup_manifest
    ctx.obj["manifest"] = parse_manifest(
                          ^^^^^^^^^^^^^^^
  File "/home/airflow/.local/lib/python3.12/site-packages/dbt/parser/manifest.py", line 2069, in parse_manifest
    manifest = ManifestLoader.get_full_manifest(
               ^^^^^^^^^^^^^^^^^^^^^^^^^^^^^^^^^
  File "/home/airflow/.local/lib/python3.12/site-packages/dbt/parser/manifest.py", line 312, in get_full_manifest
    manifest = loader.load()
               ^^^^^^^^^^^^^
  File "/home/airflow/.local/lib/python3.12/site-packages/dbt/parser/manifest.py", line 381, in load
    self.load_and_parse_macros(project_parser_files)
  File "/home/airflow/.local/lib/python3.12/site-packages/dbt/parser/manifest.py", line 683, in load_and_parse_macros
    block = FileBlock(self.manifest.files[file_id])
                      ~~~~~~~~~~~~~~~~~~~^^^^^^^^^
KeyError: 'dbt_bigquery://macros/etc.sql'

[0m16:47:33.058647 [debug] [MainThread]: Resource report: {"command_name": "run", "command_success": false, "command_wall_clock_time": 3.003787, "process_in_blocks": "14440", "process_kernel_time": 1.459043, "process_mem_max_rss": "260552", "process_out_blocks": "10136", "process_user_time": 5.175476}
[0m16:47:33.059532 [debug] [MainThread]: Command `dbt run` failed at 16:47:33.059369 after 3.00 seconds
[0m16:47:33.060059 [debug] [MainThread]: Sending event: {'category': 'dbt', 'action': 'invocation', 'label': 'end', 'context': [<snowplow_tracker.self_describing_json.SelfDescribingJson object at 0x7f9de6f471d0>, <snowplow_tracker.self_describing_json.SelfDescribingJson object at 0x7f9db03a0380>, <snowplow_tracker.self_describing_json.SelfDescribingJson object at 0x7f9dabc942f0>]}
[0m16:47:33.060637 [debug] [MainThread]: Flushing usage events
[0m16:47:33.624814 [debug] [MainThread]: An error was encountered while trying to flush usage events
[0m16:49:22.220067 [debug] [MainThread]: Sending event: {'category': 'dbt', 'action': 'invocation', 'label': 'start', 'context': [<snowplow_tracker.self_describing_json.SelfDescribingJson object at 0x7fe527b49dc0>, <snowplow_tracker.self_describing_json.SelfDescribingJson object at 0x7fe529005a60>, <snowplow_tracker.self_describing_json.SelfDescribingJson object at 0x7fe5279a7d10>]}


============================== 16:49:22.230410 | dc54ed9f-eb92-4ac9-a1eb-ad3cd2779756 ==============================
[0m16:49:22.230410 [info ] [MainThread]: Running with dbt=1.9.4
[0m16:49:22.231240 [debug] [MainThread]: running dbt with arguments {'printer_width': '80', 'indirect_selection': 'eager', 'log_cache_events': 'False', 'write_json': 'True', 'partial_parse': 'True', 'cache_selected_only': 'False', 'profiles_dir': '/opt/airflow/dags/dbt/nhanes_project', 'fail_fast': 'False', 'debug': 'False', 'log_path': '/opt/airflow/dags/dbt/nhanes_project/logs', 'warn_error': 'None', 'version_check': 'True', 'use_colors': 'True', 'use_experimental_parser': 'False', 'no_print': 'None', 'quiet': 'False', 'empty': 'False', 'warn_error_options': 'WarnErrorOptions(include=[], exclude=[])', 'invocation_command': 'dbt run --select stg_health_data', 'introspect': 'True', 'static_parser': 'True', 'target_path': 'None', 'log_format': 'default', 'send_anonymous_usage_stats': 'True'}
[0m16:49:23.645227 [debug] [MainThread]: Sending event: {'category': 'dbt', 'action': 'project_id', 'label': 'dc54ed9f-eb92-4ac9-a1eb-ad3cd2779756', 'context': [<snowplow_tracker.self_describing_json.SelfDescribingJson object at 0x7fe4f4291220>]}
[0m16:49:23.721626 [debug] [MainThread]: Sending event: {'category': 'dbt', 'action': 'adapter_info', 'label': 'dc54ed9f-eb92-4ac9-a1eb-ad3cd2779756', 'context': [<snowplow_tracker.self_describing_json.SelfDescribingJson object at 0x7fe4f4ca0830>]}
[0m16:49:23.722453 [info ] [MainThread]: Registered adapter: bigquery=1.9.1
[0m16:49:23.881876 [debug] [MainThread]: checksum: b5597158181700c50f5bc1c71fe28b37a6fb85633dc5323885263678b6bc782c, vars: {}, profile: , target: , version: 1.9.4
[0m16:49:23.883287 [info ] [MainThread]: Unable to do partial parsing because saved manifest not found. Starting full parse.
[0m16:49:23.884146 [debug] [MainThread]: Sending event: {'category': 'dbt', 'action': 'partial_parser', 'label': 'dc54ed9f-eb92-4ac9-a1eb-ad3cd2779756', 'context': [<snowplow_tracker.self_describing_json.SelfDescribingJson object at 0x7fe4efac4f50>]}
[0m16:49:25.823466 [debug] [MainThread]: Sending event: {'category': 'dbt', 'action': 'load_project', 'label': 'dc54ed9f-eb92-4ac9-a1eb-ad3cd2779756', 'context': [<snowplow_tracker.self_describing_json.SelfDescribingJson object at 0x7fe527b48b00>]}
[0m16:49:25.971700 [debug] [MainThread]: Wrote artifact WritableManifest to /opt/airflow/dags/dbt/nhanes_project/target/manifest.json
[0m16:49:25.973985 [debug] [MainThread]: Wrote artifact SemanticManifest to /opt/airflow/dags/dbt/nhanes_project/target/semantic_manifest.json
[0m16:49:26.048718 [debug] [MainThread]: Sending event: {'category': 'dbt', 'action': 'resource_counts', 'label': 'dc54ed9f-eb92-4ac9-a1eb-ad3cd2779756', 'context': [<snowplow_tracker.self_describing_json.SelfDescribingJson object at 0x7fe4ed280380>]}
[0m16:49:26.049572 [info ] [MainThread]: Found 3 models, 6 data tests, 1 source, 491 macros
[0m16:49:26.050224 [debug] [MainThread]: Sending event: {'category': 'dbt', 'action': 'runnable_timing', 'label': 'dc54ed9f-eb92-4ac9-a1eb-ad3cd2779756', 'context': [<snowplow_tracker.self_describing_json.SelfDescribingJson object at 0x7fe4ed27ba40>]}
[0m16:49:26.052271 [info ] [MainThread]: 
[0m16:49:26.052855 [info ] [MainThread]: Concurrency: 4 threads (target='dev')
[0m16:49:26.053371 [info ] [MainThread]: 
[0m16:49:26.054335 [debug] [MainThread]: Acquiring new bigquery connection 'master'
[0m16:49:26.055587 [debug] [ThreadPool]: Acquiring new bigquery connection 'list_bg-gcp-biomarkers'
[0m16:49:26.056271 [debug] [ThreadPool]: Opening a new connection, currently in state init
[0m16:49:29.050680 [debug] [ThreadPool]: BigQuery adapter: Got an error when attempting to create a bigquery " "client: 'Runtime Error
  Failed to authenticate with supplied credentials
  error:
  Your default credentials were not found. To set up Application Default Credentials, see https://cloud.google.com/docs/authentication/external/set-up-adc for more information.'
[0m16:49:29.051685 [debug] [MainThread]: Opening a new connection, currently in state init
[0m16:49:32.168937 [debug] [MainThread]: BigQuery adapter: Got an error when attempting to create a bigquery " "client: 'Runtime Error
  Failed to authenticate with supplied credentials
  error:
  Your default credentials were not found. To set up Application Default Credentials, see https://cloud.google.com/docs/authentication/external/set-up-adc for more information.'
[0m16:49:32.169510 [info ] [MainThread]: 
[0m16:49:32.170022 [info ] [MainThread]: Finished running  in 0 hours 0 minutes and 6.12 seconds (6.12s).
[0m16:49:32.170705 [error] [MainThread]: Encountered an error:
Database Error
  Runtime Error
    Failed to authenticate with supplied credentials
    error:
    Your default credentials were not found. To set up Application Default Credentials, see https://cloud.google.com/docs/authentication/external/set-up-adc for more information.
[0m16:49:32.171979 [debug] [MainThread]: Resource report: {"command_name": "run", "command_success": false, "command_wall_clock_time": 10.02886, "process_in_blocks": "680", "process_kernel_time": 1.60393, "process_mem_max_rss": "268180", "process_out_blocks": "2528", "process_user_time": 5.917325}
[0m16:49:32.172565 [debug] [MainThread]: Command `dbt run` failed at 16:49:32.172411 after 10.03 seconds
[0m16:49:32.173055 [debug] [MainThread]: Sending event: {'category': 'dbt', 'action': 'invocation', 'label': 'end', 'context': [<snowplow_tracker.self_describing_json.SelfDescribingJson object at 0x7fe527d85340>, <snowplow_tracker.self_describing_json.SelfDescribingJson object at 0x7fe4ed27a6c0>, <snowplow_tracker.self_describing_json.SelfDescribingJson object at 0x7fe4ed27bb90>]}
[0m16:49:32.173525 [debug] [MainThread]: Flushing usage events
[0m16:49:30.116894 [debug] [MainThread]: An error was encountered while trying to flush usage events
[0m16:56:34.107227 [debug] [MainThread]: Sending event: {'category': 'dbt', 'action': 'invocation', 'label': 'start', 'context': [<snowplow_tracker.self_describing_json.SelfDescribingJson object at 0x7f3367937d70>, <snowplow_tracker.self_describing_json.SelfDescribingJson object at 0x7f3367a5bf80>, <snowplow_tracker.self_describing_json.SelfDescribingJson object at 0x7f3367937c50>]}


============================== 16:56:34.116789 | f2ff1236-5307-4747-8664-8c0b47faf913 ==============================
[0m16:56:34.116789 [info ] [MainThread]: Running with dbt=1.9.4
[0m16:56:34.118047 [debug] [MainThread]: running dbt with arguments {'printer_width': '80', 'indirect_selection': 'eager', 'write_json': 'True', 'log_cache_events': 'False', 'partial_parse': 'True', 'cache_selected_only': 'False', 'warn_error': 'None', 'debug': 'False', 'version_check': 'True', 'log_path': '/opt/airflow/dags/dbt/nhanes_project/logs', 'profiles_dir': '/opt/airflow/dags/dbt/nhanes_project', 'fail_fast': 'False', 'use_colors': 'True', 'use_experimental_parser': 'False', 'empty': 'False', 'quiet': 'False', 'no_print': 'None', 'warn_error_options': 'WarnErrorOptions(include=[], exclude=[])', 'invocation_command': 'dbt run --select stg_health_data', 'log_format': 'default', 'static_parser': 'True', 'target_path': 'None', 'introspect': 'True', 'send_anonymous_usage_stats': 'True'}
[0m16:56:35.722788 [debug] [MainThread]: Sending event: {'category': 'dbt', 'action': 'project_id', 'label': 'f2ff1236-5307-4747-8664-8c0b47faf913', 'context': [<snowplow_tracker.self_describing_json.SelfDescribingJson object at 0x7f3368be2090>]}
[0m16:56:35.835373 [debug] [MainThread]: Sending event: {'category': 'dbt', 'action': 'adapter_info', 'label': 'f2ff1236-5307-4747-8664-8c0b47faf913', 'context': [<snowplow_tracker.self_describing_json.SelfDescribingJson object at 0x7f3367486900>]}
[0m16:56:35.836333 [info ] [MainThread]: Registered adapter: bigquery=1.9.1
[0m16:56:36.006852 [debug] [MainThread]: checksum: b5597158181700c50f5bc1c71fe28b37a6fb85633dc5323885263678b6bc782c, vars: {}, profile: , target: , version: 1.9.4
[0m16:56:36.264253 [debug] [MainThread]: Partial parsing enabled: 0 files deleted, 0 files added, 0 files changed.
[0m16:56:36.264971 [debug] [MainThread]: Partial parsing enabled, no changes found, skipping parsing
[0m16:56:36.337105 [debug] [MainThread]: Sending event: {'category': 'dbt', 'action': 'load_project', 'label': 'f2ff1236-5307-4747-8664-8c0b47faf913', 'context': [<snowplow_tracker.self_describing_json.SelfDescribingJson object at 0x7f332fa61190>]}
[0m16:56:36.461509 [debug] [MainThread]: Wrote artifact WritableManifest to /opt/airflow/dags/dbt/nhanes_project/target/manifest.json
[0m16:56:36.463816 [debug] [MainThread]: Wrote artifact SemanticManifest to /opt/airflow/dags/dbt/nhanes_project/target/semantic_manifest.json
[0m16:56:36.488782 [debug] [MainThread]: Sending event: {'category': 'dbt', 'action': 'resource_counts', 'label': 'f2ff1236-5307-4747-8664-8c0b47faf913', 'context': [<snowplow_tracker.self_describing_json.SelfDescribingJson object at 0x7f332f5fbe90>]}
[0m16:56:36.489566 [info ] [MainThread]: Found 3 models, 6 data tests, 1 source, 491 macros
[0m16:56:36.490236 [debug] [MainThread]: Sending event: {'category': 'dbt', 'action': 'runnable_timing', 'label': 'f2ff1236-5307-4747-8664-8c0b47faf913', 'context': [<snowplow_tracker.self_describing_json.SelfDescribingJson object at 0x7f332faf0920>]}
[0m16:56:36.492805 [info ] [MainThread]: 
[0m16:56:36.493498 [info ] [MainThread]: Concurrency: 4 threads (target='dev')
[0m16:56:36.494010 [info ] [MainThread]: 
[0m16:56:36.494918 [debug] [MainThread]: Acquiring new bigquery connection 'master'
[0m16:56:36.496387 [debug] [ThreadPool]: Acquiring new bigquery connection 'list_bg-gcp-biomarkers'
[0m16:56:36.497121 [debug] [ThreadPool]: Opening a new connection, currently in state init
[0m16:56:37.177740 [debug] [ThreadPool]: Re-using an available connection from the pool (formerly list_bg-gcp-biomarkers, now list_bg-gcp-biomarkers_raw)
[0m16:56:37.178670 [debug] [ThreadPool]: Opening a new connection, currently in state closed
[0m16:56:37.560052 [debug] [MainThread]: Sending event: {'category': 'dbt', 'action': 'runnable_timing', 'label': 'f2ff1236-5307-4747-8664-8c0b47faf913', 'context': [<snowplow_tracker.self_describing_json.SelfDescribingJson object at 0x7f332f5ce690>]}
[0m16:56:37.560792 [debug] [MainThread]: Opening a new connection, currently in state init
[0m16:56:37.568265 [debug] [Thread-1 (]: Began running node model.bg_nhanes_project.stg_health_data
[0m16:56:37.569069 [info ] [Thread-1 (]: 1 of 1 START sql view model raw.stg_health_data ................................ [RUN]
[0m16:56:37.569830 [debug] [Thread-1 (]: Re-using an available connection from the pool (formerly list_bg-gcp-biomarkers_raw, now model.bg_nhanes_project.stg_health_data)
[0m16:56:37.570353 [debug] [Thread-1 (]: Began compiling node model.bg_nhanes_project.stg_health_data
[0m16:56:37.581347 [debug] [Thread-1 (]: Writing injected SQL for node "model.bg_nhanes_project.stg_health_data"
[0m16:56:37.582783 [debug] [Thread-1 (]: Began executing node model.bg_nhanes_project.stg_health_data
[0m16:56:37.623875 [debug] [Thread-1 (]: Writing runtime sql for node "model.bg_nhanes_project.stg_health_data"
[0m16:56:37.625837 [debug] [Thread-1 (]: On model.bg_nhanes_project.stg_health_data: /* {"app": "dbt", "dbt_version": "1.9.4", "profile_name": "bg_nhanes_project", "target_name": "dev", "node_id": "model.bg_nhanes_project.stg_health_data"} */


  create or replace view `bg-gcp-biomarkers`.`raw`.`stg_health_data`
  OPTIONS()
  as SELECT
  SEQN,
  RIAGENDR AS gender,
  RIDAGEYR AS age,
  LBXTC AS cholesterol
FROM `bg-gcp-biomarkers`.`raw`.`raw_health_data`
WHERE RIDAGEYR IS NOT NULL AND LBXTC IS NOT NULL;


[0m16:56:37.626596 [debug] [Thread-1 (]: Opening a new connection, currently in state closed
[0m16:56:38.200202 [debug] [Thread-1 (]: BigQuery adapter: https://console.cloud.google.com/bigquery?project=bg-gcp-biomarkers&j=bq:us-west1:eb1910ec-ac3e-4c71-a04a-362cf47c9605&page=queryresults
[0m16:56:38.780123 [debug] [Thread-1 (]: Sending event: {'category': 'dbt', 'action': 'run_model', 'label': 'f2ff1236-5307-4747-8664-8c0b47faf913', 'context': [<snowplow_tracker.self_describing_json.SelfDescribingJson object at 0x7f332fa58980>]}
[0m16:56:38.781078 [info ] [Thread-1 (]: 1 of 1 OK created sql view model raw.stg_health_data ........................... [[32mCREATE VIEW (0 processed)[0m in 1.21s]
[0m16:56:38.781972 [debug] [Thread-1 (]: Finished running node model.bg_nhanes_project.stg_health_data
[0m16:56:38.784413 [debug] [MainThread]: Opening a new connection, currently in state closed
[0m16:56:38.785395 [debug] [MainThread]: Connection 'master' was properly closed.
[0m16:56:38.785884 [debug] [MainThread]: Connection 'model.bg_nhanes_project.stg_health_data' was properly closed.
[0m16:56:38.786348 [info ] [MainThread]: 
[0m16:56:38.786972 [info ] [MainThread]: Finished running 1 view model in 0 hours 0 minutes and 2.29 seconds (2.29s).
[0m16:56:38.787982 [debug] [MainThread]: Command end result
[0m16:56:38.912822 [debug] [MainThread]: Wrote artifact WritableManifest to /opt/airflow/dags/dbt/nhanes_project/target/manifest.json
[0m16:56:38.915167 [debug] [MainThread]: Wrote artifact SemanticManifest to /opt/airflow/dags/dbt/nhanes_project/target/semantic_manifest.json
[0m16:56:38.922450 [debug] [MainThread]: Wrote artifact RunExecutionResult to /opt/airflow/dags/dbt/nhanes_project/target/run_results.json
[0m16:56:38.923099 [info ] [MainThread]: 
[0m16:56:38.923716 [info ] [MainThread]: [32mCompleted successfully[0m
[0m16:56:38.924466 [info ] [MainThread]: 
[0m16:56:38.925151 [info ] [MainThread]: Done. PASS=1 WARN=0 ERROR=0 SKIP=0 TOTAL=1
[0m16:56:38.926340 [debug] [MainThread]: Resource report: {"command_name": "run", "command_success": true, "command_wall_clock_time": 4.9060793, "process_in_blocks": "2160", "process_kernel_time": 1.447427, "process_mem_max_rss": "264304", "process_out_blocks": "2088", "process_user_time": 5.301086}
[0m16:56:38.926915 [debug] [MainThread]: Command `dbt run` succeeded at 16:56:38.926790 after 4.91 seconds
[0m16:56:38.927423 [debug] [MainThread]: Sending event: {'category': 'dbt', 'action': 'invocation', 'label': 'end', 'context': [<snowplow_tracker.self_describing_json.SelfDescribingJson object at 0x7f3367937c50>, <snowplow_tracker.self_describing_json.SelfDescribingJson object at 0x7f332c1bffb0>, <snowplow_tracker.self_describing_json.SelfDescribingJson object at 0x7f332c1bed20>]}
[0m16:56:38.927925 [debug] [MainThread]: Flushing usage events
[0m16:56:39.470183 [debug] [MainThread]: An error was encountered while trying to flush usage events
[0m16:56:45.510524 [debug] [MainThread]: Sending event: {'category': 'dbt', 'action': 'invocation', 'label': 'start', 'context': [<snowplow_tracker.self_describing_json.SelfDescribingJson object at 0x7fdfdcf87bc0>, <snowplow_tracker.self_describing_json.SelfDescribingJson object at 0x7fdfdcc47fb0>, <snowplow_tracker.self_describing_json.SelfDescribingJson object at 0x7fdfdd570ef0>]}


============================== 16:56:45.524648 | 2ca4ce48-6e7c-4c4e-b4aa-e0179d90c86e ==============================
[0m16:56:45.524648 [info ] [MainThread]: Running with dbt=1.9.4
[0m16:56:45.526263 [debug] [MainThread]: running dbt with arguments {'printer_width': '80', 'indirect_selection': 'eager', 'write_json': 'True', 'log_cache_events': 'False', 'partial_parse': 'True', 'cache_selected_only': 'False', 'warn_error': 'None', 'version_check': 'True', 'fail_fast': 'False', 'log_path': '/opt/airflow/dags/dbt/nhanes_project/logs', 'profiles_dir': '/opt/airflow/dags/dbt/nhanes_project', 'debug': 'False', 'use_colors': 'True', 'use_experimental_parser': 'False', 'no_print': 'None', 'quiet': 'False', 'empty': 'False', 'warn_error_options': 'WarnErrorOptions(include=[], exclude=[])', 'introspect': 'True', 'static_parser': 'True', 'invocation_command': 'dbt run --select int_biomarkers_enriched', 'target_path': 'None', 'log_format': 'default', 'send_anonymous_usage_stats': 'True'}
[0m16:56:46.859594 [debug] [MainThread]: Sending event: {'category': 'dbt', 'action': 'project_id', 'label': '2ca4ce48-6e7c-4c4e-b4aa-e0179d90c86e', 'context': [<snowplow_tracker.self_describing_json.SelfDescribingJson object at 0x7fdfa56b7980>]}
[0m16:56:46.989109 [debug] [MainThread]: Sending event: {'category': 'dbt', 'action': 'adapter_info', 'label': '2ca4ce48-6e7c-4c4e-b4aa-e0179d90c86e', 'context': [<snowplow_tracker.self_describing_json.SelfDescribingJson object at 0x7fdfa59558b0>]}
[0m16:56:46.990145 [info ] [MainThread]: Registered adapter: bigquery=1.9.1
[0m16:56:47.152669 [debug] [MainThread]: checksum: b5597158181700c50f5bc1c71fe28b37a6fb85633dc5323885263678b6bc782c, vars: {}, profile: , target: , version: 1.9.4
[0m16:56:47.312358 [debug] [MainThread]: Partial parsing enabled: 0 files deleted, 0 files added, 0 files changed.
[0m16:56:47.312985 [debug] [MainThread]: Partial parsing enabled, no changes found, skipping parsing
[0m16:56:47.375090 [debug] [MainThread]: Sending event: {'category': 'dbt', 'action': 'load_project', 'label': '2ca4ce48-6e7c-4c4e-b4aa-e0179d90c86e', 'context': [<snowplow_tracker.self_describing_json.SelfDescribingJson object at 0x7fdfa56b9a60>]}
[0m16:56:47.489448 [debug] [MainThread]: Wrote artifact WritableManifest to /opt/airflow/dags/dbt/nhanes_project/target/manifest.json
[0m16:56:47.491931 [debug] [MainThread]: Wrote artifact SemanticManifest to /opt/airflow/dags/dbt/nhanes_project/target/semantic_manifest.json
[0m16:56:47.514262 [debug] [MainThread]: Sending event: {'category': 'dbt', 'action': 'resource_counts', 'label': '2ca4ce48-6e7c-4c4e-b4aa-e0179d90c86e', 'context': [<snowplow_tracker.self_describing_json.SelfDescribingJson object at 0x7fdfa51c87a0>]}
[0m16:56:47.515150 [info ] [MainThread]: Found 3 models, 6 data tests, 1 source, 491 macros
[0m16:56:47.515707 [debug] [MainThread]: Sending event: {'category': 'dbt', 'action': 'runnable_timing', 'label': '2ca4ce48-6e7c-4c4e-b4aa-e0179d90c86e', 'context': [<snowplow_tracker.self_describing_json.SelfDescribingJson object at 0x7fdfde7c9760>]}
[0m16:56:47.517648 [info ] [MainThread]: 
[0m16:56:47.518231 [info ] [MainThread]: Concurrency: 4 threads (target='dev')
[0m16:56:47.518732 [info ] [MainThread]: 
[0m16:56:47.519480 [debug] [MainThread]: Acquiring new bigquery connection 'master'
[0m16:56:47.520661 [debug] [ThreadPool]: Acquiring new bigquery connection 'list_bg-gcp-biomarkers'
[0m16:56:47.521284 [debug] [ThreadPool]: Opening a new connection, currently in state init
[0m16:56:48.124800 [debug] [ThreadPool]: Re-using an available connection from the pool (formerly list_bg-gcp-biomarkers, now list_bg-gcp-biomarkers_raw)
[0m16:56:48.125561 [debug] [ThreadPool]: Opening a new connection, currently in state closed
[0m16:56:48.502304 [debug] [MainThread]: Sending event: {'category': 'dbt', 'action': 'runnable_timing', 'label': '2ca4ce48-6e7c-4c4e-b4aa-e0179d90c86e', 'context': [<snowplow_tracker.self_describing_json.SelfDescribingJson object at 0x7fdfa519ca10>]}
[0m16:56:48.502996 [debug] [MainThread]: Opening a new connection, currently in state init
[0m16:56:48.508511 [debug] [Thread-1 (]: Began running node model.bg_nhanes_project.int_biomarkers_enriched
[0m16:56:48.509386 [info ] [Thread-1 (]: 1 of 1 START sql view model raw.int_biomarkers_enriched ........................ [RUN]
[0m16:56:48.510178 [debug] [Thread-1 (]: Re-using an available connection from the pool (formerly list_bg-gcp-biomarkers_raw, now model.bg_nhanes_project.int_biomarkers_enriched)
[0m16:56:48.510726 [debug] [Thread-1 (]: Began compiling node model.bg_nhanes_project.int_biomarkers_enriched
[0m16:56:48.522220 [debug] [Thread-1 (]: Writing injected SQL for node "model.bg_nhanes_project.int_biomarkers_enriched"
[0m16:56:48.523011 [debug] [Thread-1 (]: Began executing node model.bg_nhanes_project.int_biomarkers_enriched
[0m16:56:48.563545 [debug] [Thread-1 (]: Writing runtime sql for node "model.bg_nhanes_project.int_biomarkers_enriched"
[0m16:56:48.564679 [debug] [Thread-1 (]: On model.bg_nhanes_project.int_biomarkers_enriched: /* {"app": "dbt", "dbt_version": "1.9.4", "profile_name": "bg_nhanes_project", "target_name": "dev", "node_id": "model.bg_nhanes_project.int_biomarkers_enriched"} */


  create or replace view `bg-gcp-biomarkers`.`raw`.`int_biomarkers_enriched`
  OPTIONS()
  as SELECT *,
  CASE
    WHEN cholesterol < 200 THEN 'Desirable'
    WHEN cholesterol < 240 THEN 'Borderline High'
    ELSE 'High'
  END AS cholesterol_category
FROM `bg-gcp-biomarkers`.`raw`.`stg_health_data`;


[0m16:56:48.565328 [debug] [Thread-1 (]: Opening a new connection, currently in state closed
[0m16:56:49.228739 [debug] [Thread-1 (]: BigQuery adapter: https://console.cloud.google.com/bigquery?project=bg-gcp-biomarkers&j=bq:us-west1:49f7384c-d922-4a3c-98e8-e6822bd315ce&page=queryresults
[0m16:56:49.838111 [debug] [Thread-1 (]: Sending event: {'category': 'dbt', 'action': 'run_model', 'label': '2ca4ce48-6e7c-4c4e-b4aa-e0179d90c86e', 'context': [<snowplow_tracker.self_describing_json.SelfDescribingJson object at 0x7fdfa5610920>]}
[0m16:56:49.839252 [info ] [Thread-1 (]: 1 of 1 OK created sql view model raw.int_biomarkers_enriched ................... [[32mCREATE VIEW (0 processed)[0m in 1.33s]
[0m16:56:49.840250 [debug] [Thread-1 (]: Finished running node model.bg_nhanes_project.int_biomarkers_enriched
[0m16:56:49.843045 [debug] [MainThread]: Opening a new connection, currently in state closed
[0m16:56:49.844052 [debug] [MainThread]: Connection 'master' was properly closed.
[0m16:56:49.844628 [debug] [MainThread]: Connection 'model.bg_nhanes_project.int_biomarkers_enriched' was properly closed.
[0m16:56:49.845194 [info ] [MainThread]: 
[0m16:56:49.845749 [info ] [MainThread]: Finished running 1 view model in 0 hours 0 minutes and 2.33 seconds (2.33s).
[0m16:56:49.846705 [debug] [MainThread]: Command end result
[0m16:56:49.978641 [debug] [MainThread]: Wrote artifact WritableManifest to /opt/airflow/dags/dbt/nhanes_project/target/manifest.json
[0m16:56:49.981958 [debug] [MainThread]: Wrote artifact SemanticManifest to /opt/airflow/dags/dbt/nhanes_project/target/semantic_manifest.json
[0m16:56:49.993420 [debug] [MainThread]: Wrote artifact RunExecutionResult to /opt/airflow/dags/dbt/nhanes_project/target/run_results.json
[0m16:56:49.994061 [info ] [MainThread]: 
[0m16:56:49.994812 [info ] [MainThread]: [32mCompleted successfully[0m
[0m16:56:49.995408 [info ] [MainThread]: 
[0m16:56:49.996079 [info ] [MainThread]: Done. PASS=1 WARN=0 ERROR=0 SKIP=0 TOTAL=1
[0m16:56:49.997757 [debug] [MainThread]: Resource report: {"command_name": "run", "command_success": true, "command_wall_clock_time": 4.58317, "process_in_blocks": "0", "process_kernel_time": 1.446399, "process_mem_max_rss": "268908", "process_out_blocks": "2072", "process_user_time": 4.721267}
[0m16:56:49.998462 [debug] [MainThread]: Command `dbt run` succeeded at 16:56:49.998325 after 4.58 seconds
[0m16:56:49.999081 [debug] [MainThread]: Sending event: {'category': 'dbt', 'action': 'invocation', 'label': 'end', 'context': [<snowplow_tracker.self_describing_json.SelfDescribingJson object at 0x7fdfa5206c90>, <snowplow_tracker.self_describing_json.SelfDescribingJson object at 0x7fdfa458ed80>, <snowplow_tracker.self_describing_json.SelfDescribingJson object at 0x7fdfa458f2c0>]}
[0m16:56:49.999669 [debug] [MainThread]: Flushing usage events
[0m16:56:50.566442 [debug] [MainThread]: An error was encountered while trying to flush usage events
[0m16:56:57.133886 [debug] [MainThread]: Sending event: {'category': 'dbt', 'action': 'invocation', 'label': 'start', 'context': [<snowplow_tracker.self_describing_json.SelfDescribingJson object at 0x7f081a096fc0>, <snowplow_tracker.self_describing_json.SelfDescribingJson object at 0x7f081a097b90>, <snowplow_tracker.self_describing_json.SelfDescribingJson object at 0x7f081a094650>]}


============================== 16:56:57.142634 | 7e07384a-fa8f-464a-8d61-c0cddf72b939 ==============================
[0m16:56:57.142634 [info ] [MainThread]: Running with dbt=1.9.4
[0m16:56:57.143447 [debug] [MainThread]: running dbt with arguments {'printer_width': '80', 'indirect_selection': 'eager', 'write_json': 'True', 'log_cache_events': 'False', 'partial_parse': 'True', 'cache_selected_only': 'False', 'profiles_dir': '/opt/airflow/dags/dbt/nhanes_project', 'version_check': 'True', 'warn_error': 'None', 'log_path': '/opt/airflow/dags/dbt/nhanes_project/logs', 'debug': 'False', 'fail_fast': 'False', 'use_colors': 'True', 'use_experimental_parser': 'False', 'no_print': 'None', 'quiet': 'False', 'empty': 'False', 'log_format': 'default', 'static_parser': 'True', 'warn_error_options': 'WarnErrorOptions(include=[], exclude=[])', 'introspect': 'True', 'target_path': 'None', 'invocation_command': 'dbt run --select fct_longevity_summary', 'send_anonymous_usage_stats': 'True'}
[0m16:56:58.815862 [debug] [MainThread]: Sending event: {'category': 'dbt', 'action': 'project_id', 'label': '7e07384a-fa8f-464a-8d61-c0cddf72b939', 'context': [<snowplow_tracker.self_describing_json.SelfDescribingJson object at 0x7f07e2714290>]}
[0m16:56:58.903485 [debug] [MainThread]: Sending event: {'category': 'dbt', 'action': 'adapter_info', 'label': '7e07384a-fa8f-464a-8d61-c0cddf72b939', 'context': [<snowplow_tracker.self_describing_json.SelfDescribingJson object at 0x7f07e2719fd0>]}
[0m16:56:58.904526 [info ] [MainThread]: Registered adapter: bigquery=1.9.1
[0m16:56:59.069565 [debug] [MainThread]: checksum: b5597158181700c50f5bc1c71fe28b37a6fb85633dc5323885263678b6bc782c, vars: {}, profile: , target: , version: 1.9.4
[0m16:56:59.270410 [debug] [MainThread]: Partial parsing enabled: 0 files deleted, 0 files added, 0 files changed.
[0m16:56:59.271722 [debug] [MainThread]: Partial parsing enabled, no changes found, skipping parsing
[0m16:56:59.360809 [debug] [MainThread]: Sending event: {'category': 'dbt', 'action': 'load_project', 'label': '7e07384a-fa8f-464a-8d61-c0cddf72b939', 'context': [<snowplow_tracker.self_describing_json.SelfDescribingJson object at 0x7f07e27cc9b0>]}
[0m16:56:59.491291 [debug] [MainThread]: Wrote artifact WritableManifest to /opt/airflow/dags/dbt/nhanes_project/target/manifest.json
[0m16:56:59.494068 [debug] [MainThread]: Wrote artifact SemanticManifest to /opt/airflow/dags/dbt/nhanes_project/target/semantic_manifest.json
[0m16:56:59.517274 [debug] [MainThread]: Sending event: {'category': 'dbt', 'action': 'resource_counts', 'label': '7e07384a-fa8f-464a-8d61-c0cddf72b939', 'context': [<snowplow_tracker.self_describing_json.SelfDescribingJson object at 0x7f07e22b2a80>]}
[0m16:56:59.517947 [info ] [MainThread]: Found 3 models, 6 data tests, 1 source, 491 macros
[0m16:56:59.518493 [debug] [MainThread]: Sending event: {'category': 'dbt', 'action': 'runnable_timing', 'label': '7e07384a-fa8f-464a-8d61-c0cddf72b939', 'context': [<snowplow_tracker.self_describing_json.SelfDescribingJson object at 0x7f07e283e7e0>]}
[0m16:56:59.520343 [info ] [MainThread]: 
[0m16:56:59.521058 [info ] [MainThread]: Concurrency: 4 threads (target='dev')
[0m16:56:59.521810 [info ] [MainThread]: 
[0m16:56:59.522886 [debug] [MainThread]: Acquiring new bigquery connection 'master'
[0m16:56:59.524287 [debug] [ThreadPool]: Acquiring new bigquery connection 'list_bg-gcp-biomarkers'
[0m16:56:59.524995 [debug] [ThreadPool]: Opening a new connection, currently in state init
[0m16:56:57.718206 [debug] [ThreadPool]: Re-using an available connection from the pool (formerly list_bg-gcp-biomarkers, now list_bg-gcp-biomarkers_raw)
[0m16:56:57.719113 [debug] [ThreadPool]: Opening a new connection, currently in state closed
[0m16:56:58.101806 [debug] [MainThread]: Sending event: {'category': 'dbt', 'action': 'runnable_timing', 'label': '7e07384a-fa8f-464a-8d61-c0cddf72b939', 'context': [<snowplow_tracker.self_describing_json.SelfDescribingJson object at 0x7f07e27d1370>]}
[0m16:56:58.102949 [debug] [MainThread]: Opening a new connection, currently in state init
[0m16:56:58.108743 [debug] [Thread-1 (]: Began running node model.bg_nhanes_project.fct_longevity_summary
[0m16:56:58.109609 [info ] [Thread-1 (]: 1 of 1 START sql view model raw.fct_longevity_summary .......................... [RUN]
[0m16:56:58.110390 [debug] [Thread-1 (]: Re-using an available connection from the pool (formerly list_bg-gcp-biomarkers_raw, now model.bg_nhanes_project.fct_longevity_summary)
[0m16:56:58.110946 [debug] [Thread-1 (]: Began compiling node model.bg_nhanes_project.fct_longevity_summary
[0m16:56:58.122976 [debug] [Thread-1 (]: Writing injected SQL for node "model.bg_nhanes_project.fct_longevity_summary"
[0m16:56:58.124218 [debug] [Thread-1 (]: Began executing node model.bg_nhanes_project.fct_longevity_summary
[0m16:56:58.171918 [debug] [Thread-1 (]: Writing runtime sql for node "model.bg_nhanes_project.fct_longevity_summary"
[0m16:56:58.172901 [debug] [Thread-1 (]: On model.bg_nhanes_project.fct_longevity_summary: /* {"app": "dbt", "dbt_version": "1.9.4", "profile_name": "bg_nhanes_project", "target_name": "dev", "node_id": "model.bg_nhanes_project.fct_longevity_summary"} */


  create or replace view `bg-gcp-biomarkers`.`raw`.`fct_longevity_summary`
  OPTIONS()
  as SELECT
  gender,
  AVG(age) AS avg_age,
  AVG(cholesterol) AS avg_cholesterol,
  COUNT(*) AS num_people
FROM `bg-gcp-biomarkers`.`raw`.`int_biomarkers_enriched`
GROUP BY gender;


[0m16:56:58.173503 [debug] [Thread-1 (]: Opening a new connection, currently in state closed
[0m16:56:58.954355 [debug] [Thread-1 (]: BigQuery adapter: https://console.cloud.google.com/bigquery?project=bg-gcp-biomarkers&j=bq:us-west1:05b1095a-abc3-4dd7-aa31-b20a40a42a57&page=queryresults
[0m16:56:59.529536 [debug] [Thread-1 (]: Sending event: {'category': 'dbt', 'action': 'run_model', 'label': '7e07384a-fa8f-464a-8d61-c0cddf72b939', 'context': [<snowplow_tracker.self_describing_json.SelfDescribingJson object at 0x7f07e270c620>]}
[0m16:56:59.530515 [info ] [Thread-1 (]: 1 of 1 OK created sql view model raw.fct_longevity_summary ..................... [[32mCREATE VIEW (0 processed)[0m in 1.42s]
[0m16:56:59.531323 [debug] [Thread-1 (]: Finished running node model.bg_nhanes_project.fct_longevity_summary
[0m16:56:59.533725 [debug] [MainThread]: Opening a new connection, currently in state closed
[0m16:56:59.534710 [debug] [MainThread]: Connection 'master' was properly closed.
[0m16:56:59.535187 [debug] [MainThread]: Connection 'model.bg_nhanes_project.fct_longevity_summary' was properly closed.
[0m16:56:59.535741 [info ] [MainThread]: 
[0m16:56:59.536366 [info ] [MainThread]: Finished running 1 view model in 0 hours 0 minutes and 0.01 seconds (0.01s).
[0m16:56:59.537424 [debug] [MainThread]: Command end result
[0m16:56:59.658541 [debug] [MainThread]: Wrote artifact WritableManifest to /opt/airflow/dags/dbt/nhanes_project/target/manifest.json
[0m16:56:59.660415 [debug] [MainThread]: Wrote artifact SemanticManifest to /opt/airflow/dags/dbt/nhanes_project/target/semantic_manifest.json
[0m16:56:59.667166 [debug] [MainThread]: Wrote artifact RunExecutionResult to /opt/airflow/dags/dbt/nhanes_project/target/run_results.json
[0m16:56:59.667655 [info ] [MainThread]: 
[0m16:56:59.668227 [info ] [MainThread]: [32mCompleted successfully[0m
[0m16:56:59.668693 [info ] [MainThread]: 
[0m16:56:59.669304 [info ] [MainThread]: Done. PASS=1 WARN=0 ERROR=0 SKIP=0 TOTAL=1
[0m16:56:59.670650 [debug] [MainThread]: Resource report: {"command_name": "run", "command_success": true, "command_wall_clock_time": 5.001331, "process_in_blocks": "0", "process_kernel_time": 1.730321, "process_mem_max_rss": "270660", "process_out_blocks": "2072", "process_user_time": 5.209471}
[0m16:56:59.671229 [debug] [MainThread]: Command `dbt run` succeeded at 16:56:59.671100 after 5.00 seconds
[0m16:56:59.671806 [debug] [MainThread]: Sending event: {'category': 'dbt', 'action': 'invocation', 'label': 'end', 'context': [<snowplow_tracker.self_describing_json.SelfDescribingJson object at 0x7f081a772720>, <snowplow_tracker.self_describing_json.SelfDescribingJson object at 0x7f081b738350>, <snowplow_tracker.self_describing_json.SelfDescribingJson object at 0x7f07d25b2c30>]}
[0m16:56:59.672376 [debug] [MainThread]: Flushing usage events
[0m16:57:00.180384 [debug] [MainThread]: An error was encountered while trying to flush usage events
[0m16:59:28.556683 [debug] [MainThread]: Sending event: {'category': 'dbt', 'action': 'invocation', 'label': 'start', 'context': [<snowplow_tracker.self_describing_json.SelfDescribingJson object at 0x7f494bd40950>, <snowplow_tracker.self_describing_json.SelfDescribingJson object at 0x7f49498ad1c0>, <snowplow_tracker.self_describing_json.SelfDescribingJson object at 0x7f494bc59520>]}


============================== 16:59:28.566796 | 64360e4d-d52a-409a-91df-bb82eb676a40 ==============================
[0m16:59:28.566796 [info ] [MainThread]: Running with dbt=1.9.4
[0m16:59:28.567602 [debug] [MainThread]: running dbt with arguments {'printer_width': '80', 'indirect_selection': 'eager', 'log_cache_events': 'False', 'write_json': 'True', 'partial_parse': 'True', 'cache_selected_only': 'False', 'warn_error': 'None', 'fail_fast': 'False', 'debug': 'False', 'log_path': '/opt/airflow/dags/dbt/nhanes_project/logs', 'profiles_dir': '/opt/airflow/dags/dbt/nhanes_project', 'version_check': 'True', 'use_colors': 'True', 'use_experimental_parser': 'False', 'no_print': 'None', 'quiet': 'False', 'empty': 'False', 'log_format': 'default', 'introspect': 'True', 'invocation_command': 'dbt run --select stg_health_data', 'warn_error_options': 'WarnErrorOptions(include=[], exclude=[])', 'target_path': 'None', 'static_parser': 'True', 'send_anonymous_usage_stats': 'True'}
[0m16:59:29.901334 [debug] [MainThread]: Sending event: {'category': 'dbt', 'action': 'project_id', 'label': '64360e4d-d52a-409a-91df-bb82eb676a40', 'context': [<snowplow_tracker.self_describing_json.SelfDescribingJson object at 0x7f4949d74aa0>]}
[0m16:59:29.993783 [debug] [MainThread]: Sending event: {'category': 'dbt', 'action': 'adapter_info', 'label': '64360e4d-d52a-409a-91df-bb82eb676a40', 'context': [<snowplow_tracker.self_describing_json.SelfDescribingJson object at 0x7f4913b1e990>]}
[0m16:59:29.994739 [info ] [MainThread]: Registered adapter: bigquery=1.9.1
[0m16:59:30.151769 [debug] [MainThread]: checksum: b5597158181700c50f5bc1c71fe28b37a6fb85633dc5323885263678b6bc782c, vars: {}, profile: , target: , version: 1.9.4
[0m16:59:30.314203 [debug] [MainThread]: Partial parsing enabled: 0 files deleted, 0 files added, 0 files changed.
[0m16:59:30.314961 [debug] [MainThread]: Partial parsing enabled, no changes found, skipping parsing
[0m16:59:30.374827 [debug] [MainThread]: Sending event: {'category': 'dbt', 'action': 'load_project', 'label': '64360e4d-d52a-409a-91df-bb82eb676a40', 'context': [<snowplow_tracker.self_describing_json.SelfDescribingJson object at 0x7f4912294a40>]}
[0m16:59:30.501707 [debug] [MainThread]: Wrote artifact WritableManifest to /opt/airflow/dags/dbt/nhanes_project/target/manifest.json
[0m16:59:30.504519 [debug] [MainThread]: Wrote artifact SemanticManifest to /opt/airflow/dags/dbt/nhanes_project/target/semantic_manifest.json
[0m16:59:30.527066 [debug] [MainThread]: Sending event: {'category': 'dbt', 'action': 'resource_counts', 'label': '64360e4d-d52a-409a-91df-bb82eb676a40', 'context': [<snowplow_tracker.self_describing_json.SelfDescribingJson object at 0x7f4911fb56a0>]}
[0m16:59:30.527783 [info ] [MainThread]: Found 3 models, 6 data tests, 1 source, 491 macros
[0m16:59:30.528419 [debug] [MainThread]: Sending event: {'category': 'dbt', 'action': 'runnable_timing', 'label': '64360e4d-d52a-409a-91df-bb82eb676a40', 'context': [<snowplow_tracker.self_describing_json.SelfDescribingJson object at 0x7f49123ce4b0>]}
[0m16:59:30.530845 [info ] [MainThread]: 
[0m16:59:30.531511 [info ] [MainThread]: Concurrency: 4 threads (target='dev')
[0m16:59:30.532049 [info ] [MainThread]: 
[0m16:59:30.532901 [debug] [MainThread]: Acquiring new bigquery connection 'master'
[0m16:59:30.534293 [debug] [ThreadPool]: Acquiring new bigquery connection 'list_bg-gcp-biomarkers'
[0m16:59:30.534904 [debug] [ThreadPool]: Opening a new connection, currently in state init
[0m16:59:31.186290 [debug] [ThreadPool]: Re-using an available connection from the pool (formerly list_bg-gcp-biomarkers, now list_bg-gcp-biomarkers_raw)
[0m16:59:31.187023 [debug] [ThreadPool]: Opening a new connection, currently in state closed
[0m16:59:31.647571 [debug] [MainThread]: Sending event: {'category': 'dbt', 'action': 'runnable_timing', 'label': '64360e4d-d52a-409a-91df-bb82eb676a40', 'context': [<snowplow_tracker.self_describing_json.SelfDescribingJson object at 0x7f49123ce4b0>]}
[0m16:59:31.648494 [debug] [MainThread]: Opening a new connection, currently in state init
[0m16:59:31.656912 [debug] [Thread-1 (]: Began running node model.bg_nhanes_project.stg_health_data
[0m16:59:31.658095 [info ] [Thread-1 (]: 1 of 1 START sql view model raw.stg_health_data ................................ [RUN]
[0m16:59:31.659514 [debug] [Thread-1 (]: Re-using an available connection from the pool (formerly list_bg-gcp-biomarkers_raw, now model.bg_nhanes_project.stg_health_data)
[0m16:59:31.660455 [debug] [Thread-1 (]: Began compiling node model.bg_nhanes_project.stg_health_data
[0m16:59:31.682779 [debug] [Thread-1 (]: Writing injected SQL for node "model.bg_nhanes_project.stg_health_data"
[0m16:59:31.683783 [debug] [Thread-1 (]: Began executing node model.bg_nhanes_project.stg_health_data
[0m16:59:31.748303 [debug] [Thread-1 (]: Writing runtime sql for node "model.bg_nhanes_project.stg_health_data"
[0m16:59:31.749873 [debug] [Thread-1 (]: On model.bg_nhanes_project.stg_health_data: /* {"app": "dbt", "dbt_version": "1.9.4", "profile_name": "bg_nhanes_project", "target_name": "dev", "node_id": "model.bg_nhanes_project.stg_health_data"} */


  create or replace view `bg-gcp-biomarkers`.`raw`.`stg_health_data`
  OPTIONS()
  as SELECT
  SEQN,
  RIAGENDR AS gender,
  RIDAGEYR AS age,
  LBXTC AS cholesterol
FROM `bg-gcp-biomarkers`.`raw`.`raw_health_data`
WHERE RIDAGEYR IS NOT NULL AND LBXTC IS NOT NULL;


[0m16:59:31.751215 [debug] [Thread-1 (]: Opening a new connection, currently in state closed
[0m16:59:32.345071 [debug] [Thread-1 (]: BigQuery adapter: https://console.cloud.google.com/bigquery?project=bg-gcp-biomarkers&j=bq:us-west1:16bac9f8-d295-4a5f-bf46-ab5adf7f9493&page=queryresults
[0m16:59:32.956488 [debug] [Thread-1 (]: Sending event: {'category': 'dbt', 'action': 'run_model', 'label': '64360e4d-d52a-409a-91df-bb82eb676a40', 'context': [<snowplow_tracker.self_describing_json.SelfDescribingJson object at 0x7f49123cc650>]}
[0m16:59:32.957814 [info ] [Thread-1 (]: 1 of 1 OK created sql view model raw.stg_health_data ........................... [[32mCREATE VIEW (0 processed)[0m in 1.30s]
[0m16:59:32.959512 [debug] [Thread-1 (]: Finished running node model.bg_nhanes_project.stg_health_data
[0m16:59:32.962703 [debug] [MainThread]: Opening a new connection, currently in state closed
[0m16:59:32.964105 [debug] [MainThread]: Connection 'master' was properly closed.
[0m16:59:32.964728 [debug] [MainThread]: Connection 'model.bg_nhanes_project.stg_health_data' was properly closed.
[0m16:59:32.965438 [info ] [MainThread]: 
[0m16:59:32.966122 [info ] [MainThread]: Finished running 1 view model in 0 hours 0 minutes and 2.43 seconds (2.43s).
[0m16:59:32.967146 [debug] [MainThread]: Command end result
[0m16:59:33.107966 [debug] [MainThread]: Wrote artifact WritableManifest to /opt/airflow/dags/dbt/nhanes_project/target/manifest.json
[0m16:59:33.111723 [debug] [MainThread]: Wrote artifact SemanticManifest to /opt/airflow/dags/dbt/nhanes_project/target/semantic_manifest.json
[0m16:59:33.119832 [debug] [MainThread]: Wrote artifact RunExecutionResult to /opt/airflow/dags/dbt/nhanes_project/target/run_results.json
[0m16:59:33.120481 [info ] [MainThread]: 
[0m16:59:33.121189 [info ] [MainThread]: [32mCompleted successfully[0m
[0m16:59:33.121709 [info ] [MainThread]: 
[0m16:59:33.122259 [info ] [MainThread]: Done. PASS=1 WARN=0 ERROR=0 SKIP=0 TOTAL=1
[0m16:59:33.123751 [debug] [MainThread]: Resource report: {"command_name": "run", "command_success": true, "command_wall_clock_time": 4.634263, "process_in_blocks": "0", "process_kernel_time": 1.520358, "process_mem_max_rss": "270812", "process_out_blocks": "2088", "process_user_time": 4.58855}
[0m16:59:33.124447 [debug] [MainThread]: Command `dbt run` succeeded at 16:59:33.124252 after 4.64 seconds
[0m16:59:33.124999 [debug] [MainThread]: Sending event: {'category': 'dbt', 'action': 'invocation', 'label': 'end', 'context': [<snowplow_tracker.self_describing_json.SelfDescribingJson object at 0x7f494a0fcd10>, <snowplow_tracker.self_describing_json.SelfDescribingJson object at 0x7f491032f680>, <snowplow_tracker.self_describing_json.SelfDescribingJson object at 0x7f491032ee10>]}
[0m16:59:33.125725 [debug] [MainThread]: Flushing usage events
[0m16:59:33.756405 [debug] [MainThread]: An error was encountered while trying to flush usage events
[0m16:59:41.676873 [debug] [MainThread]: Sending event: {'category': 'dbt', 'action': 'invocation', 'label': 'start', 'context': [<snowplow_tracker.self_describing_json.SelfDescribingJson object at 0x7f6a67089ac0>, <snowplow_tracker.self_describing_json.SelfDescribingJson object at 0x7f6a65f13f20>, <snowplow_tracker.self_describing_json.SelfDescribingJson object at 0x7f6a65bd40b0>]}


============================== 16:59:41.691808 | 7011a414-d672-4217-a871-1e19598c0f84 ==============================
[0m16:59:41.691808 [info ] [MainThread]: Running with dbt=1.9.4
[0m16:59:41.692783 [debug] [MainThread]: running dbt with arguments {'printer_width': '80', 'indirect_selection': 'eager', 'write_json': 'True', 'log_cache_events': 'False', 'partial_parse': 'True', 'cache_selected_only': 'False', 'warn_error': 'None', 'fail_fast': 'False', 'profiles_dir': '/opt/airflow/dags/dbt/nhanes_project', 'log_path': '/opt/airflow/dags/dbt/nhanes_project/logs', 'version_check': 'True', 'debug': 'False', 'use_colors': 'True', 'use_experimental_parser': 'False', 'empty': 'False', 'quiet': 'False', 'no_print': 'None', 'log_format': 'default', 'invocation_command': 'dbt run --select int_biomarkers_enriched', 'warn_error_options': 'WarnErrorOptions(include=[], exclude=[])', 'introspect': 'True', 'target_path': 'None', 'static_parser': 'True', 'send_anonymous_usage_stats': 'True'}
[0m16:59:43.619706 [debug] [MainThread]: Sending event: {'category': 'dbt', 'action': 'project_id', 'label': '7011a414-d672-4217-a871-1e19598c0f84', 'context': [<snowplow_tracker.self_describing_json.SelfDescribingJson object at 0x7f6a2e8749b0>]}
[0m16:59:43.736498 [debug] [MainThread]: Sending event: {'category': 'dbt', 'action': 'adapter_info', 'label': '7011a414-d672-4217-a871-1e19598c0f84', 'context': [<snowplow_tracker.self_describing_json.SelfDescribingJson object at 0x7f6a2e4778c0>]}
[0m16:59:43.737768 [info ] [MainThread]: Registered adapter: bigquery=1.9.1
[0m16:59:43.935286 [debug] [MainThread]: checksum: b5597158181700c50f5bc1c71fe28b37a6fb85633dc5323885263678b6bc782c, vars: {}, profile: , target: , version: 1.9.4
[0m16:59:44.158472 [debug] [MainThread]: Partial parsing enabled: 0 files deleted, 0 files added, 0 files changed.
[0m16:59:44.159294 [debug] [MainThread]: Partial parsing enabled, no changes found, skipping parsing
[0m16:59:44.231907 [debug] [MainThread]: Sending event: {'category': 'dbt', 'action': 'load_project', 'label': '7011a414-d672-4217-a871-1e19598c0f84', 'context': [<snowplow_tracker.self_describing_json.SelfDescribingJson object at 0x7f6a2e471970>]}
[0m16:59:44.389709 [debug] [MainThread]: Wrote artifact WritableManifest to /opt/airflow/dags/dbt/nhanes_project/target/manifest.json
[0m16:59:44.392506 [debug] [MainThread]: Wrote artifact SemanticManifest to /opt/airflow/dags/dbt/nhanes_project/target/semantic_manifest.json
[0m16:59:44.425153 [debug] [MainThread]: Sending event: {'category': 'dbt', 'action': 'resource_counts', 'label': '7011a414-d672-4217-a871-1e19598c0f84', 'context': [<snowplow_tracker.self_describing_json.SelfDescribingJson object at 0x7f6a2e495df0>]}
[0m16:59:44.426143 [info ] [MainThread]: Found 3 models, 6 data tests, 1 source, 491 macros
[0m16:59:44.426867 [debug] [MainThread]: Sending event: {'category': 'dbt', 'action': 'runnable_timing', 'label': '7011a414-d672-4217-a871-1e19598c0f84', 'context': [<snowplow_tracker.self_describing_json.SelfDescribingJson object at 0x7f6a2e474bf0>]}
[0m16:59:44.429594 [info ] [MainThread]: 
[0m16:59:44.430445 [info ] [MainThread]: Concurrency: 4 threads (target='dev')
[0m16:59:44.431161 [info ] [MainThread]: 
[0m16:59:44.432183 [debug] [MainThread]: Acquiring new bigquery connection 'master'
[0m16:59:44.434180 [debug] [ThreadPool]: Acquiring new bigquery connection 'list_bg-gcp-biomarkers'
[0m16:59:44.435123 [debug] [ThreadPool]: Opening a new connection, currently in state init
[0m16:59:45.024997 [debug] [ThreadPool]: Re-using an available connection from the pool (formerly list_bg-gcp-biomarkers, now list_bg-gcp-biomarkers_raw)
[0m16:59:45.025797 [debug] [ThreadPool]: Opening a new connection, currently in state closed
[0m16:59:45.392140 [debug] [MainThread]: Sending event: {'category': 'dbt', 'action': 'runnable_timing', 'label': '7011a414-d672-4217-a871-1e19598c0f84', 'context': [<snowplow_tracker.self_describing_json.SelfDescribingJson object at 0x7f6a2df442c0>]}
[0m16:59:45.392920 [debug] [MainThread]: Opening a new connection, currently in state init
[0m16:59:45.404018 [debug] [Thread-1 (]: Began running node model.bg_nhanes_project.int_biomarkers_enriched
[0m16:59:45.405591 [info ] [Thread-1 (]: 1 of 1 START sql view model raw.int_biomarkers_enriched ........................ [RUN]
[0m16:59:45.406625 [debug] [Thread-1 (]: Re-using an available connection from the pool (formerly list_bg-gcp-biomarkers_raw, now model.bg_nhanes_project.int_biomarkers_enriched)
[0m16:59:45.407284 [debug] [Thread-1 (]: Began compiling node model.bg_nhanes_project.int_biomarkers_enriched
[0m16:59:45.421087 [debug] [Thread-1 (]: Writing injected SQL for node "model.bg_nhanes_project.int_biomarkers_enriched"
[0m16:59:45.422387 [debug] [Thread-1 (]: Began executing node model.bg_nhanes_project.int_biomarkers_enriched
[0m16:59:45.475930 [debug] [Thread-1 (]: Writing runtime sql for node "model.bg_nhanes_project.int_biomarkers_enriched"
[0m16:59:45.477102 [debug] [Thread-1 (]: On model.bg_nhanes_project.int_biomarkers_enriched: /* {"app": "dbt", "dbt_version": "1.9.4", "profile_name": "bg_nhanes_project", "target_name": "dev", "node_id": "model.bg_nhanes_project.int_biomarkers_enriched"} */


  create or replace view `bg-gcp-biomarkers`.`raw`.`int_biomarkers_enriched`
  OPTIONS()
  as SELECT *,
  CASE
    WHEN cholesterol < 200 THEN 'Desirable'
    WHEN cholesterol < 240 THEN 'Borderline High'
    ELSE 'High'
  END AS cholesterol_category
FROM `bg-gcp-biomarkers`.`raw`.`stg_health_data`;


[0m16:59:45.477817 [debug] [Thread-1 (]: Opening a new connection, currently in state closed
[0m16:59:43.676005 [debug] [Thread-1 (]: BigQuery adapter: https://console.cloud.google.com/bigquery?project=bg-gcp-biomarkers&j=bq:us-west1:a61e24c3-9560-40d4-b6df-bf93aae5b506&page=queryresults
[0m16:59:44.204264 [debug] [Thread-1 (]: Sending event: {'category': 'dbt', 'action': 'run_model', 'label': '7011a414-d672-4217-a871-1e19598c0f84', 'context': [<snowplow_tracker.self_describing_json.SelfDescribingJson object at 0x7f6a2e3d05c0>]}
[0m16:59:44.205293 [info ] [Thread-1 (]: 1 of 1 OK created sql view model raw.int_biomarkers_enriched ................... [[32mCREATE VIEW (0 processed)[0m in -1.20s]
[0m16:59:44.206253 [debug] [Thread-1 (]: Finished running node model.bg_nhanes_project.int_biomarkers_enriched
[0m16:59:44.209017 [debug] [MainThread]: Opening a new connection, currently in state closed
[0m16:59:44.210032 [debug] [MainThread]: Connection 'master' was properly closed.
[0m16:59:44.210583 [debug] [MainThread]: Connection 'model.bg_nhanes_project.int_biomarkers_enriched' was properly closed.
[0m16:59:44.211057 [info ] [MainThread]: 
[0m16:59:44.211596 [info ] [MainThread]: Finished running 1 view model in -1 hours 59 minutes and 59.78 seconds (-0.22s).
[0m16:59:44.212551 [debug] [MainThread]: Command end result
[0m16:59:44.387926 [debug] [MainThread]: Wrote artifact WritableManifest to /opt/airflow/dags/dbt/nhanes_project/target/manifest.json
[0m16:59:44.390407 [debug] [MainThread]: Wrote artifact SemanticManifest to /opt/airflow/dags/dbt/nhanes_project/target/semantic_manifest.json
[0m16:59:44.398514 [debug] [MainThread]: Wrote artifact RunExecutionResult to /opt/airflow/dags/dbt/nhanes_project/target/run_results.json
[0m16:59:44.399206 [info ] [MainThread]: 
[0m16:59:44.399922 [info ] [MainThread]: [32mCompleted successfully[0m
[0m16:59:44.400440 [info ] [MainThread]: 
[0m16:59:44.401011 [info ] [MainThread]: Done. PASS=1 WARN=0 ERROR=0 SKIP=0 TOTAL=1
[0m16:59:44.402537 [debug] [MainThread]: Resource report: {"command_name": "run", "command_success": true, "command_wall_clock_time": 5.3189163, "process_in_blocks": "72", "process_kernel_time": 1.590894, "process_mem_max_rss": "269092", "process_out_blocks": "2072", "process_user_time": 6.098428}
[0m16:59:44.403330 [debug] [MainThread]: Command `dbt run` succeeded at 16:59:44.403151 after 5.32 seconds
[0m16:59:44.404123 [debug] [MainThread]: Sending event: {'category': 'dbt', 'action': 'invocation', 'label': 'end', 'context': [<snowplow_tracker.self_describing_json.SelfDescribingJson object at 0x7f6a658d49b0>, <snowplow_tracker.self_describing_json.SelfDescribingJson object at 0x7f6a2c336d50>, <snowplow_tracker.self_describing_json.SelfDescribingJson object at 0x7f6a2c3377a0>]}
[0m16:59:44.404747 [debug] [MainThread]: Flushing usage events
[0m16:59:44.918066 [debug] [MainThread]: An error was encountered while trying to flush usage events
[0m16:59:52.050316 [debug] [MainThread]: Sending event: {'category': 'dbt', 'action': 'invocation', 'label': 'start', 'context': [<snowplow_tracker.self_describing_json.SelfDescribingJson object at 0x7fb3c97920c0>, <snowplow_tracker.self_describing_json.SelfDescribingJson object at 0x7fb3c6ac4230>, <snowplow_tracker.self_describing_json.SelfDescribingJson object at 0x7fb3c6ac75f0>]}


============================== 16:59:52.058724 | a07108ab-16e5-4dc6-8cb0-9da933cdf4fb ==============================
[0m16:59:52.058724 [info ] [MainThread]: Running with dbt=1.9.4
[0m16:59:52.059616 [debug] [MainThread]: running dbt with arguments {'printer_width': '80', 'indirect_selection': 'eager', 'write_json': 'True', 'log_cache_events': 'False', 'partial_parse': 'True', 'cache_selected_only': 'False', 'warn_error': 'None', 'debug': 'False', 'version_check': 'True', 'log_path': '/opt/airflow/dags/dbt/nhanes_project/logs', 'fail_fast': 'False', 'profiles_dir': '/opt/airflow/dags/dbt/nhanes_project', 'use_colors': 'True', 'use_experimental_parser': 'False', 'no_print': 'None', 'quiet': 'False', 'empty': 'False', 'warn_error_options': 'WarnErrorOptions(include=[], exclude=[])', 'static_parser': 'True', 'introspect': 'True', 'log_format': 'default', 'target_path': 'None', 'invocation_command': 'dbt run --select fct_longevity_summary', 'send_anonymous_usage_stats': 'True'}
[0m16:59:53.569925 [debug] [MainThread]: Sending event: {'category': 'dbt', 'action': 'project_id', 'label': 'a07108ab-16e5-4dc6-8cb0-9da933cdf4fb', 'context': [<snowplow_tracker.self_describing_json.SelfDescribingJson object at 0x7fb3c6832540>]}
[0m16:59:53.661313 [debug] [MainThread]: Sending event: {'category': 'dbt', 'action': 'adapter_info', 'label': 'a07108ab-16e5-4dc6-8cb0-9da933cdf4fb', 'context': [<snowplow_tracker.self_describing_json.SelfDescribingJson object at 0x7fb3c8053c80>]}
[0m16:59:53.662587 [info ] [MainThread]: Registered adapter: bigquery=1.9.1
[0m16:59:53.859503 [debug] [MainThread]: checksum: b5597158181700c50f5bc1c71fe28b37a6fb85633dc5323885263678b6bc782c, vars: {}, profile: , target: , version: 1.9.4
[0m16:59:54.033661 [debug] [MainThread]: Partial parsing enabled: 0 files deleted, 0 files added, 0 files changed.
[0m16:59:54.034274 [debug] [MainThread]: Partial parsing enabled, no changes found, skipping parsing
[0m16:59:54.103340 [debug] [MainThread]: Sending event: {'category': 'dbt', 'action': 'load_project', 'label': 'a07108ab-16e5-4dc6-8cb0-9da933cdf4fb', 'context': [<snowplow_tracker.self_describing_json.SelfDescribingJson object at 0x7fb38e98a540>]}
[0m16:59:54.294606 [debug] [MainThread]: Wrote artifact WritableManifest to /opt/airflow/dags/dbt/nhanes_project/target/manifest.json
[0m16:59:54.298270 [debug] [MainThread]: Wrote artifact SemanticManifest to /opt/airflow/dags/dbt/nhanes_project/target/semantic_manifest.json
[0m16:59:54.321652 [debug] [MainThread]: Sending event: {'category': 'dbt', 'action': 'resource_counts', 'label': 'a07108ab-16e5-4dc6-8cb0-9da933cdf4fb', 'context': [<snowplow_tracker.self_describing_json.SelfDescribingJson object at 0x7fb38e46fb60>]}
[0m16:59:54.322473 [info ] [MainThread]: Found 3 models, 6 data tests, 1 source, 491 macros
[0m16:59:54.323156 [debug] [MainThread]: Sending event: {'category': 'dbt', 'action': 'runnable_timing', 'label': 'a07108ab-16e5-4dc6-8cb0-9da933cdf4fb', 'context': [<snowplow_tracker.self_describing_json.SelfDescribingJson object at 0x7fb38ebec680>]}
[0m16:59:54.325149 [info ] [MainThread]: 
[0m16:59:54.325710 [info ] [MainThread]: Concurrency: 4 threads (target='dev')
[0m16:59:54.326210 [info ] [MainThread]: 
[0m16:59:54.326929 [debug] [MainThread]: Acquiring new bigquery connection 'master'
[0m16:59:54.328289 [debug] [ThreadPool]: Acquiring new bigquery connection 'list_bg-gcp-biomarkers'
[0m16:59:54.329006 [debug] [ThreadPool]: Opening a new connection, currently in state init
[0m16:59:54.905116 [debug] [ThreadPool]: Re-using an available connection from the pool (formerly list_bg-gcp-biomarkers, now list_bg-gcp-biomarkers_raw)
[0m16:59:54.905925 [debug] [ThreadPool]: Opening a new connection, currently in state closed
[0m16:59:55.246697 [debug] [MainThread]: Sending event: {'category': 'dbt', 'action': 'runnable_timing', 'label': 'a07108ab-16e5-4dc6-8cb0-9da933cdf4fb', 'context': [<snowplow_tracker.self_describing_json.SelfDescribingJson object at 0x7fb3c5d1aae0>]}
[0m16:59:55.247573 [debug] [MainThread]: Opening a new connection, currently in state init
[0m16:59:55.254715 [debug] [Thread-1 (]: Began running node model.bg_nhanes_project.fct_longevity_summary
[0m16:59:55.255647 [info ] [Thread-1 (]: 1 of 1 START sql view model raw.fct_longevity_summary .......................... [RUN]
[0m16:59:55.256398 [debug] [Thread-1 (]: Re-using an available connection from the pool (formerly list_bg-gcp-biomarkers_raw, now model.bg_nhanes_project.fct_longevity_summary)
[0m16:59:55.256962 [debug] [Thread-1 (]: Began compiling node model.bg_nhanes_project.fct_longevity_summary
[0m16:59:55.270616 [debug] [Thread-1 (]: Writing injected SQL for node "model.bg_nhanes_project.fct_longevity_summary"
[0m16:59:55.272061 [debug] [Thread-1 (]: Began executing node model.bg_nhanes_project.fct_longevity_summary
[0m16:59:55.316818 [debug] [Thread-1 (]: Writing runtime sql for node "model.bg_nhanes_project.fct_longevity_summary"
[0m16:59:55.317891 [debug] [Thread-1 (]: On model.bg_nhanes_project.fct_longevity_summary: /* {"app": "dbt", "dbt_version": "1.9.4", "profile_name": "bg_nhanes_project", "target_name": "dev", "node_id": "model.bg_nhanes_project.fct_longevity_summary"} */


  create or replace view `bg-gcp-biomarkers`.`raw`.`fct_longevity_summary`
  OPTIONS()
  as SELECT
  gender,
  AVG(age) AS avg_age,
  AVG(cholesterol) AS avg_cholesterol,
  COUNT(*) AS num_people
FROM `bg-gcp-biomarkers`.`raw`.`int_biomarkers_enriched`
GROUP BY gender;


[0m16:59:55.318518 [debug] [Thread-1 (]: Opening a new connection, currently in state closed
[0m16:59:56.031536 [debug] [Thread-1 (]: BigQuery adapter: https://console.cloud.google.com/bigquery?project=bg-gcp-biomarkers&j=bq:us-west1:723d164b-87f3-4d16-a2d0-f2261f5cbabd&page=queryresults
[0m16:59:56.572902 [debug] [Thread-1 (]: Sending event: {'category': 'dbt', 'action': 'run_model', 'label': 'a07108ab-16e5-4dc6-8cb0-9da933cdf4fb', 'context': [<snowplow_tracker.self_describing_json.SelfDescribingJson object at 0x7fb38eac0620>]}
[0m16:59:56.574250 [info ] [Thread-1 (]: 1 of 1 OK created sql view model raw.fct_longevity_summary ..................... [[32mCREATE VIEW (0 processed)[0m in 1.31s]
[0m16:59:56.575267 [debug] [Thread-1 (]: Finished running node model.bg_nhanes_project.fct_longevity_summary
[0m16:59:56.578452 [debug] [MainThread]: Opening a new connection, currently in state closed
[0m16:59:56.579543 [debug] [MainThread]: Connection 'master' was properly closed.
[0m16:59:56.580168 [debug] [MainThread]: Connection 'model.bg_nhanes_project.fct_longevity_summary' was properly closed.
[0m16:59:56.580748 [info ] [MainThread]: 
[0m16:59:56.581401 [info ] [MainThread]: Finished running 1 view model in 0 hours 0 minutes and 2.25 seconds (2.25s).
[0m16:59:56.582726 [debug] [MainThread]: Command end result
[0m16:59:56.748665 [debug] [MainThread]: Wrote artifact WritableManifest to /opt/airflow/dags/dbt/nhanes_project/target/manifest.json
[0m16:59:56.751621 [debug] [MainThread]: Wrote artifact SemanticManifest to /opt/airflow/dags/dbt/nhanes_project/target/semantic_manifest.json
[0m16:59:56.762862 [debug] [MainThread]: Wrote artifact RunExecutionResult to /opt/airflow/dags/dbt/nhanes_project/target/run_results.json
[0m16:59:56.763506 [info ] [MainThread]: 
[0m16:59:56.764232 [info ] [MainThread]: [32mCompleted successfully[0m
[0m16:59:56.764706 [info ] [MainThread]: 
[0m16:59:56.765284 [info ] [MainThread]: Done. PASS=1 WARN=0 ERROR=0 SKIP=0 TOTAL=1
[0m16:59:56.766623 [debug] [MainThread]: Resource report: {"command_name": "run", "command_success": true, "command_wall_clock_time": 4.788154, "process_in_blocks": "0", "process_kernel_time": 1.622731, "process_mem_max_rss": "271100", "process_out_blocks": "2072", "process_user_time": 5.092018}
[0m16:59:56.767300 [debug] [MainThread]: Command `dbt run` succeeded at 16:59:56.767153 after 4.79 seconds
[0m16:59:56.767973 [debug] [MainThread]: Sending event: {'category': 'dbt', 'action': 'invocation', 'label': 'end', 'context': [<snowplow_tracker.self_describing_json.SelfDescribingJson object at 0x7fb3c66c83e0>, <snowplow_tracker.self_describing_json.SelfDescribingJson object at 0x7fb38c036d20>, <snowplow_tracker.self_describing_json.SelfDescribingJson object at 0x7fb38c036e40>]}
[0m16:59:56.768679 [debug] [MainThread]: Flushing usage events
[0m16:59:57.288554 [debug] [MainThread]: An error was encountered while trying to flush usage events
[0m17:03:26.240911 [debug] [MainThread]: Sending event: {'category': 'dbt', 'action': 'invocation', 'label': 'start', 'context': [<snowplow_tracker.self_describing_json.SelfDescribingJson object at 0x7fa7244cf0e0>, <snowplow_tracker.self_describing_json.SelfDescribingJson object at 0x7fa724108e60>, <snowplow_tracker.self_describing_json.SelfDescribingJson object at 0x7fa7242d0620>]}


============================== 17:03:26.252938 | e70c821f-5d29-412c-bb15-edff9d4a750e ==============================
[0m17:03:26.252938 [info ] [MainThread]: Running with dbt=1.9.4
[0m17:03:26.254039 [debug] [MainThread]: running dbt with arguments {'printer_width': '80', 'indirect_selection': 'eager', 'write_json': 'True', 'log_cache_events': 'False', 'partial_parse': 'True', 'cache_selected_only': 'False', 'warn_error': 'None', 'fail_fast': 'False', 'debug': 'False', 'log_path': '/opt/airflow/dags/dbt/nhanes_project/logs', 'profiles_dir': '/opt/airflow/dags/dbt/nhanes_project', 'version_check': 'True', 'use_colors': 'True', 'use_experimental_parser': 'False', 'empty': 'False', 'quiet': 'False', 'no_print': 'None', 'warn_error_options': 'WarnErrorOptions(include=[], exclude=[])', 'static_parser': 'True', 'invocation_command': 'dbt run --select stg_health_data', 'introspect': 'True', 'target_path': 'None', 'log_format': 'default', 'send_anonymous_usage_stats': 'True'}
[0m17:03:25.294485 [debug] [MainThread]: Sending event: {'category': 'dbt', 'action': 'project_id', 'label': 'e70c821f-5d29-412c-bb15-edff9d4a750e', 'context': [<snowplow_tracker.self_describing_json.SelfDescribingJson object at 0x7fa6f0b98410>]}
[0m17:03:25.370065 [debug] [MainThread]: Sending event: {'category': 'dbt', 'action': 'adapter_info', 'label': 'e70c821f-5d29-412c-bb15-edff9d4a750e', 'context': [<snowplow_tracker.self_describing_json.SelfDescribingJson object at 0x7fa724a8e510>]}
[0m17:03:25.370997 [info ] [MainThread]: Registered adapter: bigquery=1.9.1
[0m17:03:25.506619 [debug] [MainThread]: checksum: b5597158181700c50f5bc1c71fe28b37a6fb85633dc5323885263678b6bc782c, vars: {}, profile: , target: , version: 1.9.4
[0m17:03:25.657812 [debug] [MainThread]: Partial parsing enabled: 0 files deleted, 0 files added, 0 files changed.
[0m17:03:25.658504 [debug] [MainThread]: Partial parsing enabled, no changes found, skipping parsing
[0m17:03:25.720124 [debug] [MainThread]: Sending event: {'category': 'dbt', 'action': 'load_project', 'label': 'e70c821f-5d29-412c-bb15-edff9d4a750e', 'context': [<snowplow_tracker.self_describing_json.SelfDescribingJson object at 0x7fa6f0bb5c40>]}
[0m17:03:25.840460 [debug] [MainThread]: Wrote artifact WritableManifest to /opt/airflow/dags/dbt/nhanes_project/target/manifest.json
[0m17:03:25.842665 [debug] [MainThread]: Wrote artifact SemanticManifest to /opt/airflow/dags/dbt/nhanes_project/target/semantic_manifest.json
[0m17:03:25.869773 [debug] [MainThread]: Sending event: {'category': 'dbt', 'action': 'resource_counts', 'label': 'e70c821f-5d29-412c-bb15-edff9d4a750e', 'context': [<snowplow_tracker.self_describing_json.SelfDescribingJson object at 0x7fa6f069fe60>]}
[0m17:03:25.871031 [info ] [MainThread]: Found 3 models, 6 data tests, 1 source, 491 macros
[0m17:03:25.871994 [debug] [MainThread]: Sending event: {'category': 'dbt', 'action': 'runnable_timing', 'label': 'e70c821f-5d29-412c-bb15-edff9d4a750e', 'context': [<snowplow_tracker.self_describing_json.SelfDescribingJson object at 0x7fa6f3b6e120>]}
[0m17:03:25.874967 [info ] [MainThread]: 
[0m17:03:25.875888 [info ] [MainThread]: Concurrency: 4 threads (target='dev')
[0m17:03:25.876608 [info ] [MainThread]: 
[0m17:03:25.877554 [debug] [MainThread]: Acquiring new bigquery connection 'master'
[0m17:03:25.879451 [debug] [ThreadPool]: Acquiring new bigquery connection 'list_bg-gcp-biomarkers'
[0m17:03:25.880103 [debug] [ThreadPool]: Opening a new connection, currently in state init
[0m17:03:28.688034 [debug] [ThreadPool]: BigQuery adapter: Got an error when attempting to create a bigquery " "client: 'Runtime Error
  Failed to authenticate with supplied credentials
  error:
  Your default credentials were not found. To set up Application Default Credentials, see https://cloud.google.com/docs/authentication/external/set-up-adc for more information.'
[0m17:03:28.689561 [debug] [MainThread]: Opening a new connection, currently in state init
[0m17:03:31.722058 [debug] [MainThread]: BigQuery adapter: Got an error when attempting to create a bigquery " "client: 'Runtime Error
  Failed to authenticate with supplied credentials
  error:
  Your default credentials were not found. To set up Application Default Credentials, see https://cloud.google.com/docs/authentication/external/set-up-adc for more information.'
[0m17:03:31.722741 [info ] [MainThread]: 
[0m17:03:31.723276 [info ] [MainThread]: Finished running  in 0 hours 0 minutes and 5.85 seconds (5.85s).
[0m17:03:31.726005 [error] [MainThread]: Encountered an error:
Database Error
  Runtime Error
    Failed to authenticate with supplied credentials
    error:
    Your default credentials were not found. To set up Application Default Credentials, see https://cloud.google.com/docs/authentication/external/set-up-adc for more information.
[0m17:03:31.727558 [debug] [MainThread]: Resource report: {"command_name": "run", "command_success": false, "command_wall_clock_time": 8.063071, "process_in_blocks": "0", "process_kernel_time": 1.43759, "process_mem_max_rss": "262468", "process_out_blocks": "1048", "process_user_time": 5.171592}
[0m17:03:31.728201 [debug] [MainThread]: Command `dbt run` failed at 17:03:31.728026 after 8.06 seconds
[0m17:03:31.728742 [debug] [MainThread]: Sending event: {'category': 'dbt', 'action': 'invocation', 'label': 'end', 'context': [<snowplow_tracker.self_describing_json.SelfDescribingJson object at 0x7fa7249ffdd0>, <snowplow_tracker.self_describing_json.SelfDescribingJson object at 0x7fa6f0bc04d0>, <snowplow_tracker.self_describing_json.SelfDescribingJson object at 0x7fa6f0ba54c0>]}
[0m17:03:31.729362 [debug] [MainThread]: Flushing usage events
[0m17:03:32.306111 [debug] [MainThread]: An error was encountered while trying to flush usage events
[0m17:04:13.912881 [debug] [MainThread]: Sending event: {'category': 'dbt', 'action': 'invocation', 'label': 'start', 'context': [<snowplow_tracker.self_describing_json.SelfDescribingJson object at 0x7f458baedcd0>, <snowplow_tracker.self_describing_json.SelfDescribingJson object at 0x7f458babb290>, <snowplow_tracker.self_describing_json.SelfDescribingJson object at 0x7f458baeffe0>]}


============================== 17:04:13.926753 | 59ddd761-e673-4944-b8f2-722ef76ba91c ==============================
[0m17:04:13.926753 [info ] [MainThread]: Running with dbt=1.9.4
[0m17:04:13.927958 [debug] [MainThread]: running dbt with arguments {'printer_width': '80', 'indirect_selection': 'eager', 'log_cache_events': 'False', 'write_json': 'True', 'partial_parse': 'True', 'cache_selected_only': 'False', 'warn_error': 'None', 'debug': 'False', 'version_check': 'True', 'log_path': '/opt/airflow/dags/dbt/nhanes_project/logs', 'fail_fast': 'False', 'profiles_dir': '/opt/airflow/dags/dbt/nhanes_project', 'use_colors': 'True', 'use_experimental_parser': 'False', 'empty': 'False', 'quiet': 'False', 'no_print': 'None', 'log_format': 'default', 'invocation_command': 'dbt run --select stg_health_data', 'warn_error_options': 'WarnErrorOptions(include=[], exclude=[])', 'static_parser': 'True', 'target_path': 'None', 'introspect': 'True', 'send_anonymous_usage_stats': 'True'}
[0m17:04:15.494636 [debug] [MainThread]: Sending event: {'category': 'dbt', 'action': 'project_id', 'label': '59ddd761-e673-4944-b8f2-722ef76ba91c', 'context': [<snowplow_tracker.self_describing_json.SelfDescribingJson object at 0x7f45588fcec0>]}
[0m17:04:15.573507 [debug] [MainThread]: Sending event: {'category': 'dbt', 'action': 'adapter_info', 'label': '59ddd761-e673-4944-b8f2-722ef76ba91c', 'context': [<snowplow_tracker.self_describing_json.SelfDescribingJson object at 0x7f4558462ff0>]}
[0m17:04:15.574482 [info ] [MainThread]: Registered adapter: bigquery=1.9.1
[0m17:04:15.756819 [debug] [MainThread]: checksum: b5597158181700c50f5bc1c71fe28b37a6fb85633dc5323885263678b6bc782c, vars: {}, profile: , target: , version: 1.9.4
[0m17:04:15.916635 [debug] [MainThread]: Partial parsing enabled: 0 files deleted, 0 files added, 0 files changed.
[0m17:04:15.917205 [debug] [MainThread]: Partial parsing enabled, no changes found, skipping parsing
[0m17:04:15.987061 [debug] [MainThread]: Sending event: {'category': 'dbt', 'action': 'load_project', 'label': '59ddd761-e673-4944-b8f2-722ef76ba91c', 'context': [<snowplow_tracker.self_describing_json.SelfDescribingJson object at 0x7f45584fc6b0>]}
[0m17:04:16.115518 [debug] [MainThread]: Wrote artifact WritableManifest to /opt/airflow/dags/dbt/nhanes_project/target/manifest.json
[0m17:04:16.117605 [debug] [MainThread]: Wrote artifact SemanticManifest to /opt/airflow/dags/dbt/nhanes_project/target/semantic_manifest.json
[0m17:04:16.139160 [debug] [MainThread]: Sending event: {'category': 'dbt', 'action': 'resource_counts', 'label': '59ddd761-e673-4944-b8f2-722ef76ba91c', 'context': [<snowplow_tracker.self_describing_json.SelfDescribingJson object at 0x7f4553feb290>]}
[0m17:04:16.139812 [info ] [MainThread]: Found 3 models, 6 data tests, 1 source, 491 macros
[0m17:04:16.140408 [debug] [MainThread]: Sending event: {'category': 'dbt', 'action': 'runnable_timing', 'label': '59ddd761-e673-4944-b8f2-722ef76ba91c', 'context': [<snowplow_tracker.self_describing_json.SelfDescribingJson object at 0x7f4558321580>]}
[0m17:04:16.142287 [info ] [MainThread]: 
[0m17:04:16.142898 [info ] [MainThread]: Concurrency: 4 threads (target='dev')
[0m17:04:16.143447 [info ] [MainThread]: 
[0m17:04:16.144268 [debug] [MainThread]: Acquiring new bigquery connection 'master'
[0m17:04:16.146171 [debug] [ThreadPool]: Acquiring new bigquery connection 'list_bg-gcp-biomarkers'
[0m17:04:16.146840 [debug] [ThreadPool]: Opening a new connection, currently in state init
[0m17:04:16.818691 [debug] [ThreadPool]: Re-using an available connection from the pool (formerly list_bg-gcp-biomarkers, now list_bg-gcp-biomarkers_raw)
[0m17:04:16.819437 [debug] [ThreadPool]: Opening a new connection, currently in state closed
[0m17:04:17.195646 [debug] [MainThread]: Sending event: {'category': 'dbt', 'action': 'runnable_timing', 'label': '59ddd761-e673-4944-b8f2-722ef76ba91c', 'context': [<snowplow_tracker.self_describing_json.SelfDescribingJson object at 0x7f458b728da0>]}
[0m17:04:17.196411 [debug] [MainThread]: Opening a new connection, currently in state init
[0m17:04:17.202140 [debug] [Thread-1 (]: Began running node model.bg_nhanes_project.stg_health_data
[0m17:04:17.203237 [info ] [Thread-1 (]: 1 of 1 START sql view model raw.stg_health_data ................................ [RUN]
[0m17:04:17.204216 [debug] [Thread-1 (]: Re-using an available connection from the pool (formerly list_bg-gcp-biomarkers_raw, now model.bg_nhanes_project.stg_health_data)
[0m17:04:17.204904 [debug] [Thread-1 (]: Began compiling node model.bg_nhanes_project.stg_health_data
[0m17:04:17.217381 [debug] [Thread-1 (]: Writing injected SQL for node "model.bg_nhanes_project.stg_health_data"
[0m17:04:17.218433 [debug] [Thread-1 (]: Began executing node model.bg_nhanes_project.stg_health_data
[0m17:04:17.273150 [debug] [Thread-1 (]: Writing runtime sql for node "model.bg_nhanes_project.stg_health_data"
[0m17:04:17.274110 [debug] [Thread-1 (]: On model.bg_nhanes_project.stg_health_data: /* {"app": "dbt", "dbt_version": "1.9.4", "profile_name": "bg_nhanes_project", "target_name": "dev", "node_id": "model.bg_nhanes_project.stg_health_data"} */


  create or replace view `bg-gcp-biomarkers`.`raw`.`stg_health_data`
  OPTIONS()
  as SELECT
  SEQN,
  RIAGENDR AS gender,
  RIDAGEYR AS age,
  LBXTC AS cholesterol
FROM `bg-gcp-biomarkers`.`raw`.`raw_health_data`
WHERE RIDAGEYR IS NOT NULL AND LBXTC IS NOT NULL;


[0m17:04:17.274702 [debug] [Thread-1 (]: Opening a new connection, currently in state closed
[0m17:04:17.688534 [error] [Thread-1 (]: BigQuery adapter: https://console.cloud.google.com/bigquery?project=bg-gcp-biomarkers&j=bq:us-west1:3ead821b-99ef-43a6-9d32-cd87bda34ad2&page=queryresults
[0m17:04:17.699799 [debug] [Thread-1 (]: Database Error in model stg_health_data (models/cdc_nhanes/stg_health_data.sql)
  Access Denied: Project bg-gcp-biomarkers: User does not have bigquery.jobs.create permission in project bg-gcp-biomarkers.
  compiled code at target/run/bg_nhanes_project/models/cdc_nhanes/stg_health_data.sql
[0m17:04:17.703327 [debug] [Thread-1 (]: Sending event: {'category': 'dbt', 'action': 'run_model', 'label': '59ddd761-e673-4944-b8f2-722ef76ba91c', 'context': [<snowplow_tracker.self_describing_json.SelfDescribingJson object at 0x7f4553e938f0>]}
[0m17:04:17.704775 [error] [Thread-1 (]: 1 of 1 ERROR creating sql view model raw.stg_health_data ....................... [[31mERROR[0m in 0.50s]
[0m17:04:17.706170 [debug] [Thread-1 (]: Finished running node model.bg_nhanes_project.stg_health_data
[0m17:04:17.707576 [debug] [Thread-7 (]: Marking all children of 'model.bg_nhanes_project.stg_health_data' to be skipped because of status 'error'.  Reason: Database Error in model stg_health_data (models/cdc_nhanes/stg_health_data.sql)
  Access Denied: Project bg-gcp-biomarkers: User does not have bigquery.jobs.create permission in project bg-gcp-biomarkers.
  compiled code at target/run/bg_nhanes_project/models/cdc_nhanes/stg_health_data.sql.
[0m17:04:17.711231 [debug] [MainThread]: Opening a new connection, currently in state closed
[0m17:04:17.712292 [debug] [MainThread]: Connection 'master' was properly closed.
[0m17:04:17.712754 [debug] [MainThread]: Connection 'model.bg_nhanes_project.stg_health_data' was properly closed.
[0m17:04:17.713273 [info ] [MainThread]: 
[0m17:04:17.714129 [info ] [MainThread]: Finished running 1 view model in 0 hours 0 minutes and 1.57 seconds (1.57s).
[0m17:04:17.715263 [debug] [MainThread]: Command end result
[0m17:04:17.748370 [debug] [MainThread]: Wrote artifact WritableManifest to /opt/airflow/dags/dbt/nhanes_project/target/manifest.json
[0m17:04:17.751295 [debug] [MainThread]: Wrote artifact SemanticManifest to /opt/airflow/dags/dbt/nhanes_project/target/semantic_manifest.json
[0m17:04:17.761050 [debug] [MainThread]: Wrote artifact RunExecutionResult to /opt/airflow/dags/dbt/nhanes_project/target/run_results.json
[0m17:04:17.761879 [info ] [MainThread]: 
[0m17:04:17.762633 [info ] [MainThread]: [31mCompleted with 1 error, 0 partial successes, and 0 warnings:[0m
[0m17:04:17.763296 [info ] [MainThread]: 
[0m17:04:17.764214 [error] [MainThread]:   Database Error in model stg_health_data (models/cdc_nhanes/stg_health_data.sql)
  Access Denied: Project bg-gcp-biomarkers: User does not have bigquery.jobs.create permission in project bg-gcp-biomarkers.
  compiled code at target/run/bg_nhanes_project/models/cdc_nhanes/stg_health_data.sql
[0m17:04:17.765026 [info ] [MainThread]: 
[0m17:04:17.765743 [info ] [MainThread]: Done. PASS=0 WARN=0 ERROR=1 SKIP=0 TOTAL=1
[0m17:04:17.767910 [debug] [MainThread]: Resource report: {"command_name": "run", "command_success": false, "command_wall_clock_time": 3.949053, "process_in_blocks": "56", "process_kernel_time": 1.384848, "process_mem_max_rss": "264572", "process_out_blocks": "2088", "process_user_time": 5.092961}
[0m17:04:17.769370 [debug] [MainThread]: Command `dbt run` failed at 17:04:17.768997 after 3.95 seconds
[0m17:04:17.770358 [debug] [MainThread]: Sending event: {'category': 'dbt', 'action': 'invocation', 'label': 'end', 'context': [<snowplow_tracker.self_describing_json.SelfDescribingJson object at 0x7f458bd6b860>, <snowplow_tracker.self_describing_json.SelfDescribingJson object at 0x7f458bed43e0>, <snowplow_tracker.self_describing_json.SelfDescribingJson object at 0x7f458dd9d250>]}
[0m17:04:17.771266 [debug] [MainThread]: Flushing usage events
[0m17:04:18.297151 [debug] [MainThread]: An error was encountered while trying to flush usage events
[0m17:07:06.441725 [debug] [MainThread]: Sending event: {'category': 'dbt', 'action': 'invocation', 'label': 'start', 'context': [<snowplow_tracker.self_describing_json.SelfDescribingJson object at 0x7fe3b01bce00>, <snowplow_tracker.self_describing_json.SelfDescribingJson object at 0x7fe3af776810>, <snowplow_tracker.self_describing_json.SelfDescribingJson object at 0x7fe3afaeab70>]}


============================== 17:07:06.452081 | e3042046-9fea-4515-ab39-fb0f75addd0d ==============================
[0m17:07:06.452081 [info ] [MainThread]: Running with dbt=1.9.4
[0m17:07:06.453231 [debug] [MainThread]: running dbt with arguments {'printer_width': '80', 'indirect_selection': 'eager', 'log_cache_events': 'False', 'write_json': 'True', 'partial_parse': 'True', 'cache_selected_only': 'False', 'profiles_dir': '/opt/airflow/dags/dbt/nhanes_project', 'fail_fast': 'False', 'debug': 'False', 'log_path': '/opt/airflow/dags/dbt/nhanes_project/logs', 'version_check': 'True', 'warn_error': 'None', 'use_colors': 'True', 'use_experimental_parser': 'False', 'empty': 'False', 'quiet': 'False', 'no_print': 'None', 'warn_error_options': 'WarnErrorOptions(include=[], exclude=[])', 'introspect': 'True', 'invocation_command': 'dbt run --select stg_health_data', 'log_format': 'default', 'target_path': 'None', 'static_parser': 'True', 'send_anonymous_usage_stats': 'True'}
[0m17:07:06.106481 [debug] [MainThread]: Sending event: {'category': 'dbt', 'action': 'project_id', 'label': 'e3042046-9fea-4515-ab39-fb0f75addd0d', 'context': [<snowplow_tracker.self_describing_json.SelfDescribingJson object at 0x7fe37c0e7e30>]}
[0m17:07:06.218404 [debug] [MainThread]: Sending event: {'category': 'dbt', 'action': 'adapter_info', 'label': 'e3042046-9fea-4515-ab39-fb0f75addd0d', 'context': [<snowplow_tracker.self_describing_json.SelfDescribingJson object at 0x7fe37c7a3ef0>]}
[0m17:07:06.219579 [info ] [MainThread]: Registered adapter: bigquery=1.9.1
[0m17:07:06.401099 [debug] [MainThread]: checksum: b5597158181700c50f5bc1c71fe28b37a6fb85633dc5323885263678b6bc782c, vars: {}, profile: , target: , version: 1.9.4
[0m17:07:06.570640 [debug] [MainThread]: Partial parsing enabled: 0 files deleted, 0 files added, 0 files changed.
[0m17:07:06.571251 [debug] [MainThread]: Partial parsing enabled, no changes found, skipping parsing
[0m17:07:06.638766 [debug] [MainThread]: Sending event: {'category': 'dbt', 'action': 'load_project', 'label': 'e3042046-9fea-4515-ab39-fb0f75addd0d', 'context': [<snowplow_tracker.self_describing_json.SelfDescribingJson object at 0x7fe377f28890>]}
[0m17:07:06.807864 [debug] [MainThread]: Wrote artifact WritableManifest to /opt/airflow/dags/dbt/nhanes_project/target/manifest.json
[0m17:07:06.810943 [debug] [MainThread]: Wrote artifact SemanticManifest to /opt/airflow/dags/dbt/nhanes_project/target/semantic_manifest.json
[0m17:07:06.835012 [debug] [MainThread]: Sending event: {'category': 'dbt', 'action': 'resource_counts', 'label': 'e3042046-9fea-4515-ab39-fb0f75addd0d', 'context': [<snowplow_tracker.self_describing_json.SelfDescribingJson object at 0x7fe377a14a70>]}
[0m17:07:06.835791 [info ] [MainThread]: Found 3 models, 6 data tests, 1 source, 491 macros
[0m17:07:06.836391 [debug] [MainThread]: Sending event: {'category': 'dbt', 'action': 'runnable_timing', 'label': 'e3042046-9fea-4515-ab39-fb0f75addd0d', 'context': [<snowplow_tracker.self_describing_json.SelfDescribingJson object at 0x7fe377ce6d80>]}
[0m17:07:06.838592 [info ] [MainThread]: 
[0m17:07:06.839433 [info ] [MainThread]: Concurrency: 4 threads (target='dev')
[0m17:07:06.840096 [info ] [MainThread]: 
[0m17:07:06.841011 [debug] [MainThread]: Acquiring new bigquery connection 'master'
[0m17:07:06.844709 [debug] [ThreadPool]: Acquiring new bigquery connection 'list_bg-gcp-biomarkers'
[0m17:07:06.845533 [debug] [ThreadPool]: Opening a new connection, currently in state init
[0m17:07:07.499140 [debug] [ThreadPool]: Re-using an available connection from the pool (formerly list_bg-gcp-biomarkers, now list_bg-gcp-biomarkers_raw)
[0m17:07:07.500078 [debug] [ThreadPool]: Opening a new connection, currently in state closed
[0m17:07:07.863019 [debug] [MainThread]: Sending event: {'category': 'dbt', 'action': 'runnable_timing', 'label': 'e3042046-9fea-4515-ab39-fb0f75addd0d', 'context': [<snowplow_tracker.self_describing_json.SelfDescribingJson object at 0x7fe377f0fd10>]}
[0m17:07:07.863888 [debug] [MainThread]: Opening a new connection, currently in state init
[0m17:07:07.872553 [debug] [Thread-1 (]: Began running node model.bg_nhanes_project.stg_health_data
[0m17:07:07.874616 [info ] [Thread-1 (]: 1 of 1 START sql view model raw.stg_health_data ................................ [RUN]
[0m17:07:07.876293 [debug] [Thread-1 (]: Re-using an available connection from the pool (formerly list_bg-gcp-biomarkers_raw, now model.bg_nhanes_project.stg_health_data)
[0m17:07:07.877488 [debug] [Thread-1 (]: Began compiling node model.bg_nhanes_project.stg_health_data
[0m17:07:07.892003 [debug] [Thread-1 (]: Writing injected SQL for node "model.bg_nhanes_project.stg_health_data"
[0m17:07:07.893382 [debug] [Thread-1 (]: Began executing node model.bg_nhanes_project.stg_health_data
[0m17:07:07.943332 [debug] [Thread-1 (]: Writing runtime sql for node "model.bg_nhanes_project.stg_health_data"
[0m17:07:07.945180 [debug] [Thread-1 (]: On model.bg_nhanes_project.stg_health_data: /* {"app": "dbt", "dbt_version": "1.9.4", "profile_name": "bg_nhanes_project", "target_name": "dev", "node_id": "model.bg_nhanes_project.stg_health_data"} */


  create or replace view `bg-gcp-biomarkers`.`raw`.`stg_health_data`
  OPTIONS()
  as SELECT
  SEQN,
  RIAGENDR AS gender,
  RIDAGEYR AS age,
  LBXTC AS cholesterol
FROM `bg-gcp-biomarkers`.`raw`.`raw_health_data`
WHERE RIDAGEYR IS NOT NULL AND LBXTC IS NOT NULL;


[0m17:07:07.946603 [debug] [Thread-1 (]: Opening a new connection, currently in state closed
[0m17:07:08.399181 [error] [Thread-1 (]: BigQuery adapter: https://console.cloud.google.com/bigquery?project=bg-gcp-biomarkers&j=bq:us-west1:de778832-d29e-4a6c-b7ee-1cb03d732cd6&page=queryresults
[0m17:07:08.409318 [debug] [Thread-1 (]: Database Error in model stg_health_data (models/cdc_nhanes/stg_health_data.sql)
  Access Denied: Project bg-gcp-biomarkers: User does not have bigquery.jobs.create permission in project bg-gcp-biomarkers.
  compiled code at target/run/bg_nhanes_project/models/cdc_nhanes/stg_health_data.sql
[0m17:07:08.411781 [debug] [Thread-1 (]: Sending event: {'category': 'dbt', 'action': 'run_model', 'label': 'e3042046-9fea-4515-ab39-fb0f75addd0d', 'context': [<snowplow_tracker.self_describing_json.SelfDescribingJson object at 0x7fe3b00187d0>]}
[0m17:07:08.412826 [error] [Thread-1 (]: 1 of 1 ERROR creating sql view model raw.stg_health_data ....................... [[31mERROR[0m in 0.53s]
[0m17:07:08.413754 [debug] [Thread-1 (]: Finished running node model.bg_nhanes_project.stg_health_data
[0m17:07:08.414656 [debug] [Thread-7 (]: Marking all children of 'model.bg_nhanes_project.stg_health_data' to be skipped because of status 'error'.  Reason: Database Error in model stg_health_data (models/cdc_nhanes/stg_health_data.sql)
  Access Denied: Project bg-gcp-biomarkers: User does not have bigquery.jobs.create permission in project bg-gcp-biomarkers.
  compiled code at target/run/bg_nhanes_project/models/cdc_nhanes/stg_health_data.sql.
[0m17:07:08.418487 [debug] [MainThread]: Opening a new connection, currently in state closed
[0m17:07:08.419670 [debug] [MainThread]: Connection 'master' was properly closed.
[0m17:07:08.420268 [debug] [MainThread]: Connection 'model.bg_nhanes_project.stg_health_data' was properly closed.
[0m17:07:08.420868 [info ] [MainThread]: 
[0m17:07:08.421607 [info ] [MainThread]: Finished running 1 view model in 0 hours 0 minutes and 1.58 seconds (1.58s).
[0m17:07:08.423379 [debug] [MainThread]: Command end result
[0m17:07:08.455539 [debug] [MainThread]: Wrote artifact WritableManifest to /opt/airflow/dags/dbt/nhanes_project/target/manifest.json
[0m17:07:08.458660 [debug] [MainThread]: Wrote artifact SemanticManifest to /opt/airflow/dags/dbt/nhanes_project/target/semantic_manifest.json
[0m17:07:08.467182 [debug] [MainThread]: Wrote artifact RunExecutionResult to /opt/airflow/dags/dbt/nhanes_project/target/run_results.json
[0m17:07:08.468099 [info ] [MainThread]: 
[0m17:07:08.469022 [info ] [MainThread]: [31mCompleted with 1 error, 0 partial successes, and 0 warnings:[0m
[0m17:07:08.469788 [info ] [MainThread]: 
[0m17:07:08.470403 [error] [MainThread]:   Database Error in model stg_health_data (models/cdc_nhanes/stg_health_data.sql)
  Access Denied: Project bg-gcp-biomarkers: User does not have bigquery.jobs.create permission in project bg-gcp-biomarkers.
  compiled code at target/run/bg_nhanes_project/models/cdc_nhanes/stg_health_data.sql
[0m17:07:08.471067 [info ] [MainThread]: 
[0m17:07:08.471739 [info ] [MainThread]: Done. PASS=0 WARN=0 ERROR=1 SKIP=0 TOTAL=1
[0m17:07:08.473283 [debug] [MainThread]: Resource report: {"command_name": "run", "command_success": false, "command_wall_clock_time": 3.8706062, "process_in_blocks": "1720", "process_kernel_time": 1.555066, "process_mem_max_rss": "244752", "process_out_blocks": "2088", "process_user_time": 4.729994}
[0m17:07:08.474434 [debug] [MainThread]: Command `dbt run` failed at 17:07:08.474188 after 3.87 seconds
[0m17:07:08.475295 [debug] [MainThread]: Sending event: {'category': 'dbt', 'action': 'invocation', 'label': 'end', 'context': [<snowplow_tracker.self_describing_json.SelfDescribingJson object at 0x7fe3b19cd670>, <snowplow_tracker.self_describing_json.SelfDescribingJson object at 0x7fe3af391850>, <snowplow_tracker.self_describing_json.SelfDescribingJson object at 0x7fe37c5d99a0>]}
[0m17:07:08.476064 [debug] [MainThread]: Flushing usage events
[0m17:07:09.013048 [debug] [MainThread]: An error was encountered while trying to flush usage events
[0m08:51:37.694260 [debug] [MainThread]: Sending event: {'category': 'dbt', 'action': 'invocation', 'label': 'start', 'context': [<snowplow_tracker.self_describing_json.SelfDescribingJson object at 0x7f856ce926c0>, <snowplow_tracker.self_describing_json.SelfDescribingJson object at 0x7f856c507650>, <snowplow_tracker.self_describing_json.SelfDescribingJson object at 0x7f856c6a1070>]}


============================== 08:51:37.706425 | 414b0219-58cc-4f50-bd8d-2e4caa5b38c5 ==============================
[0m08:51:37.706425 [info ] [MainThread]: Running with dbt=1.9.4
[0m08:51:37.707114 [debug] [MainThread]: running dbt with arguments {'printer_width': '80', 'indirect_selection': 'eager', 'write_json': 'True', 'log_cache_events': 'False', 'partial_parse': 'True', 'cache_selected_only': 'False', 'warn_error': 'None', 'version_check': 'True', 'fail_fast': 'False', 'log_path': '/opt/airflow/dags/dbt/nhanes_project/logs', 'profiles_dir': '/opt/airflow/dags/dbt/nhanes_project', 'debug': 'False', 'use_colors': 'True', 'use_experimental_parser': 'False', 'no_print': 'None', 'quiet': 'False', 'empty': 'False', 'warn_error_options': 'WarnErrorOptions(include=[], exclude=[])', 'invocation_command': 'dbt run --select stg_health_data', 'static_parser': 'True', 'introspect': 'True', 'target_path': 'None', 'log_format': 'default', 'send_anonymous_usage_stats': 'True'}
[0m08:51:39.739542 [debug] [MainThread]: Sending event: {'category': 'dbt', 'action': 'project_id', 'label': '414b0219-58cc-4f50-bd8d-2e4caa5b38c5', 'context': [<snowplow_tracker.self_describing_json.SelfDescribingJson object at 0x7f8538d2bd40>]}
[0m08:51:39.817399 [debug] [MainThread]: Sending event: {'category': 'dbt', 'action': 'adapter_info', 'label': '414b0219-58cc-4f50-bd8d-2e4caa5b38c5', 'context': [<snowplow_tracker.self_describing_json.SelfDescribingJson object at 0x7f853948c920>]}
[0m08:51:39.818206 [info ] [MainThread]: Registered adapter: bigquery=1.9.1
[0m08:51:39.964493 [debug] [MainThread]: checksum: b5597158181700c50f5bc1c71fe28b37a6fb85633dc5323885263678b6bc782c, vars: {}, profile: , target: , version: 1.9.4
[0m08:51:40.173938 [debug] [MainThread]: Partial parsing enabled: 0 files deleted, 0 files added, 0 files changed.
[0m08:51:40.174492 [debug] [MainThread]: Partial parsing enabled, no changes found, skipping parsing
[0m08:51:40.234469 [debug] [MainThread]: Sending event: {'category': 'dbt', 'action': 'load_project', 'label': '414b0219-58cc-4f50-bd8d-2e4caa5b38c5', 'context': [<snowplow_tracker.self_describing_json.SelfDescribingJson object at 0x7f8538d1c5f0>]}
[0m08:51:40.350282 [debug] [MainThread]: Wrote artifact WritableManifest to /opt/airflow/dags/dbt/nhanes_project/target/manifest.json
[0m08:51:40.352473 [debug] [MainThread]: Wrote artifact SemanticManifest to /opt/airflow/dags/dbt/nhanes_project/target/semantic_manifest.json
[0m08:51:40.391359 [debug] [MainThread]: Sending event: {'category': 'dbt', 'action': 'resource_counts', 'label': '414b0219-58cc-4f50-bd8d-2e4caa5b38c5', 'context': [<snowplow_tracker.self_describing_json.SelfDescribingJson object at 0x7f85389fa810>]}
[0m08:51:40.392290 [info ] [MainThread]: Found 3 models, 6 data tests, 1 source, 491 macros
[0m08:51:40.392829 [debug] [MainThread]: Sending event: {'category': 'dbt', 'action': 'runnable_timing', 'label': '414b0219-58cc-4f50-bd8d-2e4caa5b38c5', 'context': [<snowplow_tracker.self_describing_json.SelfDescribingJson object at 0x7f853919acf0>]}
[0m08:51:40.394674 [info ] [MainThread]: 
[0m08:51:40.395170 [info ] [MainThread]: Concurrency: 4 threads (target='dev')
[0m08:51:40.395651 [info ] [MainThread]: 
[0m08:51:40.396326 [debug] [MainThread]: Acquiring new bigquery connection 'master'
[0m08:51:40.397568 [debug] [ThreadPool]: Acquiring new bigquery connection 'list_bg-gcp-biomarkers'
[0m08:51:40.398196 [debug] [ThreadPool]: Opening a new connection, currently in state init
[0m08:51:41.189922 [debug] [ThreadPool]: Re-using an available connection from the pool (formerly list_bg-gcp-biomarkers, now list_bg-gcp-biomarkers_raw)
[0m08:51:41.190599 [debug] [ThreadPool]: Opening a new connection, currently in state closed
[0m08:51:41.561983 [debug] [MainThread]: Sending event: {'category': 'dbt', 'action': 'runnable_timing', 'label': '414b0219-58cc-4f50-bd8d-2e4caa5b38c5', 'context': [<snowplow_tracker.self_describing_json.SelfDescribingJson object at 0x7f8538821670>]}
[0m08:51:41.562575 [debug] [MainThread]: Opening a new connection, currently in state init
[0m08:51:41.568252 [debug] [Thread-1 (]: Began running node model.bg_nhanes_project.stg_health_data
[0m08:51:41.568943 [info ] [Thread-1 (]: 1 of 1 START sql view model raw.stg_health_data ................................ [RUN]
[0m08:51:41.569576 [debug] [Thread-1 (]: Re-using an available connection from the pool (formerly list_bg-gcp-biomarkers_raw, now model.bg_nhanes_project.stg_health_data)
[0m08:51:41.570015 [debug] [Thread-1 (]: Began compiling node model.bg_nhanes_project.stg_health_data
[0m08:51:41.580821 [debug] [Thread-1 (]: Writing injected SQL for node "model.bg_nhanes_project.stg_health_data"
[0m08:51:41.581596 [debug] [Thread-1 (]: Began executing node model.bg_nhanes_project.stg_health_data
[0m08:51:41.624289 [debug] [Thread-1 (]: Writing runtime sql for node "model.bg_nhanes_project.stg_health_data"
[0m08:51:41.625160 [debug] [Thread-1 (]: On model.bg_nhanes_project.stg_health_data: /* {"app": "dbt", "dbt_version": "1.9.4", "profile_name": "bg_nhanes_project", "target_name": "dev", "node_id": "model.bg_nhanes_project.stg_health_data"} */


  create or replace view `bg-gcp-biomarkers`.`raw`.`stg_health_data`
  OPTIONS()
  as SELECT
  SEQN,
  RIAGENDR AS gender,
  RIDAGEYR AS age,
  LBXTC AS cholesterol
FROM `bg-gcp-biomarkers`.`raw`.`raw_health_data`
WHERE RIDAGEYR IS NOT NULL AND LBXTC IS NOT NULL;


[0m08:51:41.625646 [debug] [Thread-1 (]: Opening a new connection, currently in state closed
[0m08:51:41.995099 [error] [Thread-1 (]: BigQuery adapter: https://console.cloud.google.com/bigquery?project=bg-gcp-biomarkers&j=bq:us-west1:3e37dc5b-35fe-40c7-8a5a-3ebd9c0e1582&page=queryresults
[0m08:51:42.014134 [debug] [Thread-1 (]: Database Error in model stg_health_data (models/cdc_nhanes/stg_health_data.sql)
  Access Denied: Project bg-gcp-biomarkers: User does not have bigquery.jobs.create permission in project bg-gcp-biomarkers.
  compiled code at target/run/bg_nhanes_project/models/cdc_nhanes/stg_health_data.sql
[0m08:51:42.016364 [debug] [Thread-1 (]: Sending event: {'category': 'dbt', 'action': 'run_model', 'label': '414b0219-58cc-4f50-bd8d-2e4caa5b38c5', 'context': [<snowplow_tracker.self_describing_json.SelfDescribingJson object at 0x7f856cd40740>]}
[0m08:51:42.017232 [error] [Thread-1 (]: 1 of 1 ERROR creating sql view model raw.stg_health_data ....................... [[31mERROR[0m in 0.45s]
[0m08:51:42.018017 [debug] [Thread-1 (]: Finished running node model.bg_nhanes_project.stg_health_data
[0m08:51:42.018885 [debug] [Thread-7 (]: Marking all children of 'model.bg_nhanes_project.stg_health_data' to be skipped because of status 'error'.  Reason: Database Error in model stg_health_data (models/cdc_nhanes/stg_health_data.sql)
  Access Denied: Project bg-gcp-biomarkers: User does not have bigquery.jobs.create permission in project bg-gcp-biomarkers.
  compiled code at target/run/bg_nhanes_project/models/cdc_nhanes/stg_health_data.sql.
[0m08:51:42.022279 [debug] [MainThread]: Opening a new connection, currently in state closed
[0m08:51:42.023178 [debug] [MainThread]: Connection 'master' was properly closed.
[0m08:51:42.023639 [debug] [MainThread]: Connection 'model.bg_nhanes_project.stg_health_data' was properly closed.
[0m08:51:42.024073 [info ] [MainThread]: 
[0m08:51:42.024543 [info ] [MainThread]: Finished running 1 view model in 0 hours 0 minutes and 1.63 seconds (1.63s).
[0m08:51:42.025365 [debug] [MainThread]: Command end result
[0m08:51:42.055427 [debug] [MainThread]: Wrote artifact WritableManifest to /opt/airflow/dags/dbt/nhanes_project/target/manifest.json
[0m08:51:42.058291 [debug] [MainThread]: Wrote artifact SemanticManifest to /opt/airflow/dags/dbt/nhanes_project/target/semantic_manifest.json
[0m08:51:42.065003 [debug] [MainThread]: Wrote artifact RunExecutionResult to /opt/airflow/dags/dbt/nhanes_project/target/run_results.json
[0m08:51:42.065494 [info ] [MainThread]: 
[0m08:51:42.066012 [info ] [MainThread]: [31mCompleted with 1 error, 0 partial successes, and 0 warnings:[0m
[0m08:51:42.066453 [info ] [MainThread]: 
[0m08:51:42.066941 [error] [MainThread]:   Database Error in model stg_health_data (models/cdc_nhanes/stg_health_data.sql)
  Access Denied: Project bg-gcp-biomarkers: User does not have bigquery.jobs.create permission in project bg-gcp-biomarkers.
  compiled code at target/run/bg_nhanes_project/models/cdc_nhanes/stg_health_data.sql
[0m08:51:42.067387 [info ] [MainThread]: 
[0m08:51:42.067798 [info ] [MainThread]: Done. PASS=0 WARN=0 ERROR=1 SKIP=0 TOTAL=1
[0m08:51:42.068833 [debug] [MainThread]: Resource report: {"command_name": "run", "command_success": false, "command_wall_clock_time": 4.44025, "process_in_blocks": "42624", "process_kernel_time": 2.303992, "process_mem_max_rss": "240216", "process_out_blocks": "2088", "process_user_time": 4.317565}
[0m08:51:42.069364 [debug] [MainThread]: Command `dbt run` failed at 08:51:42.069255 after 4.44 seconds
[0m08:51:42.069867 [debug] [MainThread]: Sending event: {'category': 'dbt', 'action': 'invocation', 'label': 'end', 'context': [<snowplow_tracker.self_describing_json.SelfDescribingJson object at 0x7f856cd7f650>, <snowplow_tracker.self_describing_json.SelfDescribingJson object at 0x7f856c816ed0>, <snowplow_tracker.self_describing_json.SelfDescribingJson object at 0x7f85393157f0>]}
[0m08:51:42.070502 [debug] [MainThread]: Flushing usage events
[0m08:51:42.588921 [debug] [MainThread]: An error was encountered while trying to flush usage events
[0m08:58:10.853669 [debug] [MainThread]: Sending event: {'category': 'dbt', 'action': 'invocation', 'label': 'start', 'context': [<snowplow_tracker.self_describing_json.SelfDescribingJson object at 0x7fb19d4736b0>, <snowplow_tracker.self_describing_json.SelfDescribingJson object at 0x7fb19ddca270>, <snowplow_tracker.self_describing_json.SelfDescribingJson object at 0x7fb19d5e6c00>]}


============================== 08:58:10.868514 | cb280546-77d9-45e7-b41a-f1751de442fa ==============================
[0m08:58:10.868514 [info ] [MainThread]: Running with dbt=1.9.4
[0m08:58:10.869397 [debug] [MainThread]: running dbt with arguments {'printer_width': '80', 'indirect_selection': 'eager', 'write_json': 'True', 'log_cache_events': 'False', 'partial_parse': 'True', 'cache_selected_only': 'False', 'warn_error': 'None', 'debug': 'False', 'profiles_dir': '/opt/airflow/dags/dbt/nhanes_project', 'log_path': '/opt/airflow/dags/dbt/nhanes_project/logs', 'version_check': 'True', 'fail_fast': 'False', 'use_colors': 'True', 'use_experimental_parser': 'False', 'empty': 'False', 'quiet': 'False', 'no_print': 'None', 'warn_error_options': 'WarnErrorOptions(include=[], exclude=[])', 'introspect': 'True', 'log_format': 'default', 'static_parser': 'True', 'target_path': 'None', 'invocation_command': 'dbt run --select stg_health_data', 'send_anonymous_usage_stats': 'True'}
[0m08:58:13.466990 [debug] [MainThread]: Sending event: {'category': 'dbt', 'action': 'project_id', 'label': 'cb280546-77d9-45e7-b41a-f1751de442fa', 'context': [<snowplow_tracker.self_describing_json.SelfDescribingJson object at 0x7fb165d5a4b0>]}
[0m08:58:13.545066 [debug] [MainThread]: Sending event: {'category': 'dbt', 'action': 'adapter_info', 'label': 'cb280546-77d9-45e7-b41a-f1751de442fa', 'context': [<snowplow_tracker.self_describing_json.SelfDescribingJson object at 0x7fb19f2b3c50>]}
[0m08:58:13.545995 [info ] [MainThread]: Registered adapter: bigquery=1.9.1
[0m08:58:13.683369 [debug] [MainThread]: checksum: b5597158181700c50f5bc1c71fe28b37a6fb85633dc5323885263678b6bc782c, vars: {}, profile: , target: , version: 1.9.4
[0m08:58:13.853569 [debug] [MainThread]: Partial parsing enabled: 0 files deleted, 0 files added, 0 files changed.
[0m08:58:13.854090 [debug] [MainThread]: Partial parsing enabled, no changes found, skipping parsing
[0m08:58:13.913441 [debug] [MainThread]: Sending event: {'category': 'dbt', 'action': 'load_project', 'label': 'cb280546-77d9-45e7-b41a-f1751de442fa', 'context': [<snowplow_tracker.self_describing_json.SelfDescribingJson object at 0x7fb165c7dac0>]}
[0m08:58:14.028945 [debug] [MainThread]: Wrote artifact WritableManifest to /opt/airflow/dags/dbt/nhanes_project/target/manifest.json
[0m08:58:14.030931 [debug] [MainThread]: Wrote artifact SemanticManifest to /opt/airflow/dags/dbt/nhanes_project/target/semantic_manifest.json
[0m08:58:14.099881 [debug] [MainThread]: Sending event: {'category': 'dbt', 'action': 'resource_counts', 'label': 'cb280546-77d9-45e7-b41a-f1751de442fa', 'context': [<snowplow_tracker.self_describing_json.SelfDescribingJson object at 0x7fb16576bb60>]}
[0m08:58:14.100449 [info ] [MainThread]: Found 3 models, 6 data tests, 1 source, 491 macros
[0m08:58:14.100921 [debug] [MainThread]: Sending event: {'category': 'dbt', 'action': 'runnable_timing', 'label': 'cb280546-77d9-45e7-b41a-f1751de442fa', 'context': [<snowplow_tracker.self_describing_json.SelfDescribingJson object at 0x7fb19dca2a20>]}
[0m08:58:14.102402 [info ] [MainThread]: 
[0m08:58:14.102870 [info ] [MainThread]: Concurrency: 4 threads (target='dev')
[0m08:58:14.103274 [info ] [MainThread]: 
[0m08:58:14.103988 [debug] [MainThread]: Acquiring new bigquery connection 'master'
[0m08:58:14.105431 [debug] [ThreadPool]: Acquiring new bigquery connection 'list_bg-gcp-biomarkers'
[0m08:58:14.106180 [debug] [ThreadPool]: Opening a new connection, currently in state init
[0m08:58:14.748143 [debug] [ThreadPool]: Re-using an available connection from the pool (formerly list_bg-gcp-biomarkers, now list_bg-gcp-biomarkers_raw)
[0m08:58:14.749069 [debug] [ThreadPool]: Opening a new connection, currently in state closed
[0m08:58:15.107730 [debug] [MainThread]: Sending event: {'category': 'dbt', 'action': 'runnable_timing', 'label': 'cb280546-77d9-45e7-b41a-f1751de442fa', 'context': [<snowplow_tracker.self_describing_json.SelfDescribingJson object at 0x7fb16601c920>]}
[0m08:58:15.108431 [debug] [MainThread]: Opening a new connection, currently in state init
[0m08:58:15.119996 [debug] [Thread-1 (]: Began running node model.bg_nhanes_project.stg_health_data
[0m08:58:15.120925 [info ] [Thread-1 (]: 1 of 1 START sql view model raw.stg_health_data ................................ [RUN]
[0m08:58:15.121730 [debug] [Thread-1 (]: Re-using an available connection from the pool (formerly list_bg-gcp-biomarkers_raw, now model.bg_nhanes_project.stg_health_data)
[0m08:58:15.122233 [debug] [Thread-1 (]: Began compiling node model.bg_nhanes_project.stg_health_data
[0m08:58:15.134059 [debug] [Thread-1 (]: Writing injected SQL for node "model.bg_nhanes_project.stg_health_data"
[0m08:58:15.135205 [debug] [Thread-1 (]: Began executing node model.bg_nhanes_project.stg_health_data
[0m08:58:15.178008 [debug] [Thread-1 (]: Writing runtime sql for node "model.bg_nhanes_project.stg_health_data"
[0m08:58:15.179119 [debug] [Thread-1 (]: On model.bg_nhanes_project.stg_health_data: /* {"app": "dbt", "dbt_version": "1.9.4", "profile_name": "bg_nhanes_project", "target_name": "dev", "node_id": "model.bg_nhanes_project.stg_health_data"} */


  create or replace view `bg-gcp-biomarkers`.`raw`.`stg_health_data`
  OPTIONS()
  as SELECT
  SEQN,
  RIAGENDR AS gender,
  RIDAGEYR AS age,
  LBXTC AS cholesterol
FROM `bg-gcp-biomarkers`.`raw`.`raw_health_data`
WHERE RIDAGEYR IS NOT NULL AND LBXTC IS NOT NULL;


[0m08:58:15.179804 [debug] [Thread-1 (]: Opening a new connection, currently in state closed
[0m08:58:15.588833 [error] [Thread-1 (]: BigQuery adapter: https://console.cloud.google.com/bigquery?project=bg-gcp-biomarkers&j=bq:us-west1:3662bd12-f607-4422-a4da-b9f63154d50b&page=queryresults
[0m08:58:15.596136 [debug] [Thread-1 (]: Database Error in model stg_health_data (models/cdc_nhanes/stg_health_data.sql)
  Access Denied: Project bg-gcp-biomarkers: User does not have bigquery.jobs.create permission in project bg-gcp-biomarkers.
  compiled code at target/run/bg_nhanes_project/models/cdc_nhanes/stg_health_data.sql
[0m08:58:15.598560 [debug] [Thread-1 (]: Sending event: {'category': 'dbt', 'action': 'run_model', 'label': 'cb280546-77d9-45e7-b41a-f1751de442fa', 'context': [<snowplow_tracker.self_describing_json.SelfDescribingJson object at 0x7fb1655de420>]}
[0m08:58:15.599408 [error] [Thread-1 (]: 1 of 1 ERROR creating sql view model raw.stg_health_data ....................... [[31mERROR[0m in 0.48s]
[0m08:58:15.600276 [debug] [Thread-1 (]: Finished running node model.bg_nhanes_project.stg_health_data
[0m08:58:15.601151 [debug] [Thread-7 (]: Marking all children of 'model.bg_nhanes_project.stg_health_data' to be skipped because of status 'error'.  Reason: Database Error in model stg_health_data (models/cdc_nhanes/stg_health_data.sql)
  Access Denied: Project bg-gcp-biomarkers: User does not have bigquery.jobs.create permission in project bg-gcp-biomarkers.
  compiled code at target/run/bg_nhanes_project/models/cdc_nhanes/stg_health_data.sql.
[0m08:58:15.604322 [debug] [MainThread]: Opening a new connection, currently in state closed
[0m08:58:15.605087 [debug] [MainThread]: Connection 'master' was properly closed.
[0m08:58:15.605464 [debug] [MainThread]: Connection 'model.bg_nhanes_project.stg_health_data' was properly closed.
[0m08:58:15.605857 [info ] [MainThread]: 
[0m08:58:15.606312 [info ] [MainThread]: Finished running 1 view model in 0 hours 0 minutes and 1.50 seconds (1.50s).
[0m08:58:15.606996 [debug] [MainThread]: Command end result
[0m08:58:15.636244 [debug] [MainThread]: Wrote artifact WritableManifest to /opt/airflow/dags/dbt/nhanes_project/target/manifest.json
[0m08:58:15.638507 [debug] [MainThread]: Wrote artifact SemanticManifest to /opt/airflow/dags/dbt/nhanes_project/target/semantic_manifest.json
[0m08:58:15.645510 [debug] [MainThread]: Wrote artifact RunExecutionResult to /opt/airflow/dags/dbt/nhanes_project/target/run_results.json
[0m08:58:15.646155 [info ] [MainThread]: 
[0m08:58:15.646716 [info ] [MainThread]: [31mCompleted with 1 error, 0 partial successes, and 0 warnings:[0m
[0m08:58:15.647213 [info ] [MainThread]: 
[0m08:58:15.647753 [error] [MainThread]:   Database Error in model stg_health_data (models/cdc_nhanes/stg_health_data.sql)
  Access Denied: Project bg-gcp-biomarkers: User does not have bigquery.jobs.create permission in project bg-gcp-biomarkers.
  compiled code at target/run/bg_nhanes_project/models/cdc_nhanes/stg_health_data.sql
[0m08:58:15.648242 [info ] [MainThread]: 
[0m08:58:15.648715 [info ] [MainThread]: Done. PASS=0 WARN=0 ERROR=1 SKIP=0 TOTAL=1
[0m08:58:15.650212 [debug] [MainThread]: Resource report: {"command_name": "run", "command_success": false, "command_wall_clock_time": 4.871304, "process_in_blocks": "35744", "process_kernel_time": 3.315431, "process_mem_max_rss": "242176", "process_out_blocks": "14088", "process_user_time": 4.564723}
[0m08:58:15.650772 [debug] [MainThread]: Command `dbt run` failed at 08:58:15.650659 after 4.87 seconds
[0m08:58:15.651257 [debug] [MainThread]: Sending event: {'category': 'dbt', 'action': 'invocation', 'label': 'end', 'context': [<snowplow_tracker.self_describing_json.SelfDescribingJson object at 0x7fb19d4736b0>, <snowplow_tracker.self_describing_json.SelfDescribingJson object at 0x7fb165cde5d0>, <snowplow_tracker.self_describing_json.SelfDescribingJson object at 0x7fb16572f260>]}
[0m08:58:15.651829 [debug] [MainThread]: Flushing usage events
[0m08:58:16.240949 [debug] [MainThread]: An error was encountered while trying to flush usage events
[0m08:59:08.679164 [debug] [MainThread]: Sending event: {'category': 'dbt', 'action': 'invocation', 'label': 'start', 'context': [<snowplow_tracker.self_describing_json.SelfDescribingJson object at 0x7fd7753e0d10>, <snowplow_tracker.self_describing_json.SelfDescribingJson object at 0x7fd7759fc740>, <snowplow_tracker.self_describing_json.SelfDescribingJson object at 0x7fd7753e3ad0>]}


============================== 08:59:08.692224 | 62aae244-8ad4-484b-a901-9079e4c2a2e6 ==============================
[0m08:59:08.692224 [info ] [MainThread]: Running with dbt=1.9.4
[0m08:59:08.692932 [debug] [MainThread]: running dbt with arguments {'printer_width': '80', 'indirect_selection': 'eager', 'log_cache_events': 'False', 'write_json': 'True', 'partial_parse': 'True', 'cache_selected_only': 'False', 'warn_error': 'None', 'version_check': 'True', 'fail_fast': 'False', 'log_path': '/opt/airflow/dags/dbt/nhanes_project/logs', 'debug': 'False', 'profiles_dir': '/opt/airflow/dags/dbt/nhanes_project', 'use_colors': 'True', 'use_experimental_parser': 'False', 'empty': 'False', 'quiet': 'False', 'no_print': 'None', 'log_format': 'default', 'static_parser': 'True', 'warn_error_options': 'WarnErrorOptions(include=[], exclude=[])', 'invocation_command': 'dbt run --select stg_health_data', 'target_path': 'None', 'introspect': 'True', 'send_anonymous_usage_stats': 'True'}
[0m08:59:09.848238 [debug] [MainThread]: Sending event: {'category': 'dbt', 'action': 'project_id', 'label': '62aae244-8ad4-484b-a901-9079e4c2a2e6', 'context': [<snowplow_tracker.self_describing_json.SelfDescribingJson object at 0x7fd73e08d460>]}
[0m08:59:09.927278 [debug] [MainThread]: Sending event: {'category': 'dbt', 'action': 'adapter_info', 'label': '62aae244-8ad4-484b-a901-9079e4c2a2e6', 'context': [<snowplow_tracker.self_describing_json.SelfDescribingJson object at 0x7fd73da1af60>]}
[0m08:59:09.928509 [info ] [MainThread]: Registered adapter: bigquery=1.9.1
[0m08:59:10.065798 [debug] [MainThread]: checksum: b5597158181700c50f5bc1c71fe28b37a6fb85633dc5323885263678b6bc782c, vars: {}, profile: , target: , version: 1.9.4
[0m08:59:10.216895 [debug] [MainThread]: Partial parsing enabled: 0 files deleted, 0 files added, 0 files changed.
[0m08:59:10.217411 [debug] [MainThread]: Partial parsing enabled, no changes found, skipping parsing
[0m08:59:10.276399 [debug] [MainThread]: Sending event: {'category': 'dbt', 'action': 'load_project', 'label': '62aae244-8ad4-484b-a901-9079e4c2a2e6', 'context': [<snowplow_tracker.self_describing_json.SelfDescribingJson object at 0x7fd73d58ffe0>]}
[0m08:59:10.381118 [debug] [MainThread]: Wrote artifact WritableManifest to /opt/airflow/dags/dbt/nhanes_project/target/manifest.json
[0m08:59:10.382957 [debug] [MainThread]: Wrote artifact SemanticManifest to /opt/airflow/dags/dbt/nhanes_project/target/semantic_manifest.json
[0m08:59:10.403104 [debug] [MainThread]: Sending event: {'category': 'dbt', 'action': 'resource_counts', 'label': '62aae244-8ad4-484b-a901-9079e4c2a2e6', 'context': [<snowplow_tracker.self_describing_json.SelfDescribingJson object at 0x7fd73d5ba870>]}
[0m08:59:10.403711 [info ] [MainThread]: Found 3 models, 6 data tests, 1 source, 491 macros
[0m08:59:10.404183 [debug] [MainThread]: Sending event: {'category': 'dbt', 'action': 'runnable_timing', 'label': '62aae244-8ad4-484b-a901-9079e4c2a2e6', 'context': [<snowplow_tracker.self_describing_json.SelfDescribingJson object at 0x7fd73d5977a0>]}
[0m08:59:10.405848 [info ] [MainThread]: 
[0m08:59:10.406323 [info ] [MainThread]: Concurrency: 4 threads (target='dev')
[0m08:59:10.406786 [info ] [MainThread]: 
[0m08:59:10.407413 [debug] [MainThread]: Acquiring new bigquery connection 'master'
[0m08:59:10.408559 [debug] [ThreadPool]: Acquiring new bigquery connection 'list_bg-gcp-biomarkers'
[0m08:59:10.409131 [debug] [ThreadPool]: Opening a new connection, currently in state init
[0m08:59:10.992980 [debug] [ThreadPool]: Re-using an available connection from the pool (formerly list_bg-gcp-biomarkers, now list_bg-gcp-biomarkers_raw)
[0m08:59:10.993745 [debug] [ThreadPool]: Opening a new connection, currently in state closed
[0m08:59:11.363337 [debug] [MainThread]: Sending event: {'category': 'dbt', 'action': 'runnable_timing', 'label': '62aae244-8ad4-484b-a901-9079e4c2a2e6', 'context': [<snowplow_tracker.self_describing_json.SelfDescribingJson object at 0x7fd73d5b9e50>]}
[0m08:59:11.364036 [debug] [MainThread]: Opening a new connection, currently in state init
[0m08:59:11.369944 [debug] [Thread-1 (]: Began running node model.bg_nhanes_project.stg_health_data
[0m08:59:11.370849 [info ] [Thread-1 (]: 1 of 1 START sql view model raw.stg_health_data ................................ [RUN]
[0m08:59:11.371570 [debug] [Thread-1 (]: Re-using an available connection from the pool (formerly list_bg-gcp-biomarkers_raw, now model.bg_nhanes_project.stg_health_data)
[0m08:59:11.372145 [debug] [Thread-1 (]: Began compiling node model.bg_nhanes_project.stg_health_data
[0m08:59:11.384086 [debug] [Thread-1 (]: Writing injected SQL for node "model.bg_nhanes_project.stg_health_data"
[0m08:59:11.385228 [debug] [Thread-1 (]: Began executing node model.bg_nhanes_project.stg_health_data
[0m08:59:11.427914 [debug] [Thread-1 (]: Writing runtime sql for node "model.bg_nhanes_project.stg_health_data"
[0m08:59:11.428825 [debug] [Thread-1 (]: On model.bg_nhanes_project.stg_health_data: /* {"app": "dbt", "dbt_version": "1.9.4", "profile_name": "bg_nhanes_project", "target_name": "dev", "node_id": "model.bg_nhanes_project.stg_health_data"} */


  create or replace view `bg-gcp-biomarkers`.`raw`.`stg_health_data`
  OPTIONS()
  as SELECT
  SEQN,
  RIAGENDR AS gender,
  RIDAGEYR AS age,
  LBXTC AS cholesterol
FROM `bg-gcp-biomarkers`.`raw`.`raw_health_data`
WHERE RIDAGEYR IS NOT NULL AND LBXTC IS NOT NULL;


[0m08:59:11.429421 [debug] [Thread-1 (]: Opening a new connection, currently in state closed
[0m08:59:11.943853 [error] [Thread-1 (]: BigQuery adapter: https://console.cloud.google.com/bigquery?project=bg-gcp-biomarkers&j=bq:us-west1:afccd6b3-bb6d-4584-ab7c-348fa14f797f&page=queryresults
[0m08:59:11.949825 [debug] [Thread-1 (]: Database Error in model stg_health_data (models/cdc_nhanes/stg_health_data.sql)
  Access Denied: Project bg-gcp-biomarkers: User does not have bigquery.jobs.create permission in project bg-gcp-biomarkers.
  compiled code at target/run/bg_nhanes_project/models/cdc_nhanes/stg_health_data.sql
[0m08:59:11.951686 [debug] [Thread-1 (]: Sending event: {'category': 'dbt', 'action': 'run_model', 'label': '62aae244-8ad4-484b-a901-9079e4c2a2e6', 'context': [<snowplow_tracker.self_describing_json.SelfDescribingJson object at 0x7fd73dabe060>]}
[0m08:59:11.952485 [error] [Thread-1 (]: 1 of 1 ERROR creating sql view model raw.stg_health_data ....................... [[31mERROR[0m in 0.58s]
[0m08:59:11.953203 [debug] [Thread-1 (]: Finished running node model.bg_nhanes_project.stg_health_data
[0m08:59:11.953938 [debug] [Thread-7 (]: Marking all children of 'model.bg_nhanes_project.stg_health_data' to be skipped because of status 'error'.  Reason: Database Error in model stg_health_data (models/cdc_nhanes/stg_health_data.sql)
  Access Denied: Project bg-gcp-biomarkers: User does not have bigquery.jobs.create permission in project bg-gcp-biomarkers.
  compiled code at target/run/bg_nhanes_project/models/cdc_nhanes/stg_health_data.sql.
[0m08:59:11.956702 [debug] [MainThread]: Opening a new connection, currently in state closed
[0m08:59:11.957471 [debug] [MainThread]: Connection 'master' was properly closed.
[0m08:59:11.957888 [debug] [MainThread]: Connection 'model.bg_nhanes_project.stg_health_data' was properly closed.
[0m08:59:11.958289 [info ] [MainThread]: 
[0m08:59:11.958738 [info ] [MainThread]: Finished running 1 view model in 0 hours 0 minutes and 1.55 seconds (1.55s).
[0m08:59:11.959585 [debug] [MainThread]: Command end result
[0m08:59:11.989998 [debug] [MainThread]: Wrote artifact WritableManifest to /opt/airflow/dags/dbt/nhanes_project/target/manifest.json
[0m08:59:11.992042 [debug] [MainThread]: Wrote artifact SemanticManifest to /opt/airflow/dags/dbt/nhanes_project/target/semantic_manifest.json
[0m08:59:11.999354 [debug] [MainThread]: Wrote artifact RunExecutionResult to /opt/airflow/dags/dbt/nhanes_project/target/run_results.json
[0m08:59:12.000165 [info ] [MainThread]: 
[0m08:59:12.000870 [info ] [MainThread]: [31mCompleted with 1 error, 0 partial successes, and 0 warnings:[0m
[0m08:59:12.001394 [info ] [MainThread]: 
[0m08:59:12.002018 [error] [MainThread]:   Database Error in model stg_health_data (models/cdc_nhanes/stg_health_data.sql)
  Access Denied: Project bg-gcp-biomarkers: User does not have bigquery.jobs.create permission in project bg-gcp-biomarkers.
  compiled code at target/run/bg_nhanes_project/models/cdc_nhanes/stg_health_data.sql
[0m08:59:12.002501 [info ] [MainThread]: 
[0m08:59:12.003004 [info ] [MainThread]: Done. PASS=0 WARN=0 ERROR=1 SKIP=0 TOTAL=1
[0m08:59:12.004168 [debug] [MainThread]: Resource report: {"command_name": "run", "command_success": false, "command_wall_clock_time": 3.396412, "process_in_blocks": "10936", "process_kernel_time": 1.619574, "process_mem_max_rss": "254300", "process_out_blocks": "2088", "process_user_time": 4.010829}
[0m08:59:12.004743 [debug] [MainThread]: Command `dbt run` failed at 08:59:12.004624 after 3.40 seconds
[0m08:59:12.005462 [debug] [MainThread]: Sending event: {'category': 'dbt', 'action': 'invocation', 'label': 'end', 'context': [<snowplow_tracker.self_describing_json.SelfDescribingJson object at 0x7fd775afc590>, <snowplow_tracker.self_describing_json.SelfDescribingJson object at 0x7fd775ace7b0>, <snowplow_tracker.self_describing_json.SelfDescribingJson object at 0x7fd775acd040>]}
[0m08:59:12.006206 [debug] [MainThread]: Flushing usage events
[0m08:59:12.545396 [debug] [MainThread]: An error was encountered while trying to flush usage events
[0m09:21:12.987500 [debug] [MainThread]: Sending event: {'category': 'dbt', 'action': 'invocation', 'label': 'start', 'context': [<snowplow_tracker.self_describing_json.SelfDescribingJson object at 0x7f84f2909f40>, <snowplow_tracker.self_describing_json.SelfDescribingJson object at 0x7f84f5a26330>, <snowplow_tracker.self_describing_json.SelfDescribingJson object at 0x7f84f2562900>]}


============================== 09:21:12.997258 | 2e5a2a9e-9d11-479c-b9b3-df35296cad1d ==============================
[0m09:21:12.997258 [info ] [MainThread]: Running with dbt=1.9.4
[0m09:21:12.998031 [debug] [MainThread]: running dbt with arguments {'printer_width': '80', 'indirect_selection': 'eager', 'log_cache_events': 'False', 'write_json': 'True', 'partial_parse': 'True', 'cache_selected_only': 'False', 'warn_error': 'None', 'fail_fast': 'False', 'profiles_dir': '/opt/airflow/dags/dbt/nhanes_project', 'log_path': '/opt/airflow/dags/dbt/nhanes_project/logs', 'version_check': 'True', 'debug': 'False', 'use_colors': 'True', 'use_experimental_parser': 'False', 'empty': 'False', 'quiet': 'False', 'no_print': 'None', 'warn_error_options': 'WarnErrorOptions(include=[], exclude=[])', 'static_parser': 'True', 'introspect': 'True', 'log_format': 'default', 'target_path': 'None', 'invocation_command': 'dbt run --select stg_health_data', 'send_anonymous_usage_stats': 'True'}
[0m09:21:15.537751 [debug] [MainThread]: Sending event: {'category': 'dbt', 'action': 'project_id', 'label': '2e5a2a9e-9d11-479c-b9b3-df35296cad1d', 'context': [<snowplow_tracker.self_describing_json.SelfDescribingJson object at 0x7f84bb962f30>]}
[0m09:21:15.614530 [debug] [MainThread]: Sending event: {'category': 'dbt', 'action': 'adapter_info', 'label': '2e5a2a9e-9d11-479c-b9b3-df35296cad1d', 'context': [<snowplow_tracker.self_describing_json.SelfDescribingJson object at 0x7f84bb4977d0>]}
[0m09:21:15.615438 [info ] [MainThread]: Registered adapter: bigquery=1.9.1
[0m09:21:15.768180 [debug] [MainThread]: checksum: b5597158181700c50f5bc1c71fe28b37a6fb85633dc5323885263678b6bc782c, vars: {}, profile: , target: , version: 1.9.4
[0m09:21:15.948853 [debug] [MainThread]: Partial parsing enabled: 0 files deleted, 0 files added, 0 files changed.
[0m09:21:15.949438 [debug] [MainThread]: Partial parsing enabled, no changes found, skipping parsing
[0m09:21:16.012898 [debug] [MainThread]: Sending event: {'category': 'dbt', 'action': 'load_project', 'label': '2e5a2a9e-9d11-479c-b9b3-df35296cad1d', 'context': [<snowplow_tracker.self_describing_json.SelfDescribingJson object at 0x7f84bae853d0>]}
[0m09:21:16.148253 [debug] [MainThread]: Wrote artifact WritableManifest to /opt/airflow/dags/dbt/nhanes_project/target/manifest.json
[0m09:21:16.151683 [debug] [MainThread]: Wrote artifact SemanticManifest to /opt/airflow/dags/dbt/nhanes_project/target/semantic_manifest.json
[0m09:21:16.210905 [debug] [MainThread]: Sending event: {'category': 'dbt', 'action': 'resource_counts', 'label': '2e5a2a9e-9d11-479c-b9b3-df35296cad1d', 'context': [<snowplow_tracker.self_describing_json.SelfDescribingJson object at 0x7f84f336cf80>]}
[0m09:21:16.211674 [info ] [MainThread]: Found 3 models, 6 data tests, 1 source, 491 macros
[0m09:21:16.212211 [debug] [MainThread]: Sending event: {'category': 'dbt', 'action': 'runnable_timing', 'label': '2e5a2a9e-9d11-479c-b9b3-df35296cad1d', 'context': [<snowplow_tracker.self_describing_json.SelfDescribingJson object at 0x7f84baf37a70>]}
[0m09:21:16.214072 [info ] [MainThread]: 
[0m09:21:16.214588 [info ] [MainThread]: Concurrency: 4 threads (target='dev')
[0m09:21:16.215017 [info ] [MainThread]: 
[0m09:21:16.215707 [debug] [MainThread]: Acquiring new bigquery connection 'master'
[0m09:21:16.217083 [debug] [ThreadPool]: Acquiring new bigquery connection 'list_bg-gcp-biomarkers'
[0m09:21:16.217788 [debug] [ThreadPool]: Opening a new connection, currently in state init
[0m09:21:16.877976 [debug] [ThreadPool]: Re-using an available connection from the pool (formerly list_bg-gcp-biomarkers, now list_bg-gcp-biomarkers_raw)
[0m09:21:16.878817 [debug] [ThreadPool]: Opening a new connection, currently in state closed
[0m09:21:17.253289 [debug] [MainThread]: Sending event: {'category': 'dbt', 'action': 'runnable_timing', 'label': '2e5a2a9e-9d11-479c-b9b3-df35296cad1d', 'context': [<snowplow_tracker.self_describing_json.SelfDescribingJson object at 0x7f84bae7fc80>]}
[0m09:21:17.254020 [debug] [MainThread]: Opening a new connection, currently in state init
[0m09:21:17.261418 [debug] [Thread-1 (]: Began running node model.bg_nhanes_project.stg_health_data
[0m09:21:17.262254 [info ] [Thread-1 (]: 1 of 1 START sql view model raw.stg_health_data ................................ [RUN]
[0m09:21:17.263094 [debug] [Thread-1 (]: Re-using an available connection from the pool (formerly list_bg-gcp-biomarkers_raw, now model.bg_nhanes_project.stg_health_data)
[0m09:21:17.263613 [debug] [Thread-1 (]: Began compiling node model.bg_nhanes_project.stg_health_data
[0m09:21:17.275783 [debug] [Thread-1 (]: Writing injected SQL for node "model.bg_nhanes_project.stg_health_data"
[0m09:21:17.276722 [debug] [Thread-1 (]: Began executing node model.bg_nhanes_project.stg_health_data
[0m09:21:17.324331 [debug] [Thread-1 (]: Writing runtime sql for node "model.bg_nhanes_project.stg_health_data"
[0m09:21:17.325379 [debug] [Thread-1 (]: On model.bg_nhanes_project.stg_health_data: /* {"app": "dbt", "dbt_version": "1.9.4", "profile_name": "bg_nhanes_project", "target_name": "dev", "node_id": "model.bg_nhanes_project.stg_health_data"} */


  create or replace view `bg-gcp-biomarkers`.`raw`.`stg_health_data`
  OPTIONS()
  as SELECT
  SEQN,
  RIAGENDR AS gender,
  RIDAGEYR AS age,
  LBXTC AS cholesterol
FROM `bg-gcp-biomarkers`.`raw`.`raw_health_data`
WHERE RIDAGEYR IS NOT NULL AND LBXTC IS NOT NULL;


[0m09:21:17.325975 [debug] [Thread-1 (]: Opening a new connection, currently in state closed
[0m09:21:17.954692 [debug] [Thread-1 (]: BigQuery adapter: https://console.cloud.google.com/bigquery?project=bg-gcp-biomarkers&j=bq:us-west1:8a945f30-4310-46d9-a628-717163182816&page=queryresults
[0m09:21:18.583085 [debug] [Thread-1 (]: Sending event: {'category': 'dbt', 'action': 'run_model', 'label': '2e5a2a9e-9d11-479c-b9b3-df35296cad1d', 'context': [<snowplow_tracker.self_describing_json.SelfDescribingJson object at 0x7f84f2e5cf20>]}
[0m09:21:18.584274 [info ] [Thread-1 (]: 1 of 1 OK created sql view model raw.stg_health_data ........................... [[32mCREATE VIEW (0 processed)[0m in 1.32s]
[0m09:21:18.585191 [debug] [Thread-1 (]: Finished running node model.bg_nhanes_project.stg_health_data
[0m09:21:18.587492 [debug] [MainThread]: Opening a new connection, currently in state closed
[0m09:21:18.588268 [debug] [MainThread]: Connection 'master' was properly closed.
[0m09:21:18.588669 [debug] [MainThread]: Connection 'model.bg_nhanes_project.stg_health_data' was properly closed.
[0m09:21:18.589117 [info ] [MainThread]: 
[0m09:21:18.589609 [info ] [MainThread]: Finished running 1 view model in 0 hours 0 minutes and 2.37 seconds (2.37s).
[0m09:21:18.590670 [debug] [MainThread]: Command end result
[0m09:21:18.621810 [debug] [MainThread]: Wrote artifact WritableManifest to /opt/airflow/dags/dbt/nhanes_project/target/manifest.json
[0m09:21:18.623711 [debug] [MainThread]: Wrote artifact SemanticManifest to /opt/airflow/dags/dbt/nhanes_project/target/semantic_manifest.json
[0m09:21:18.630609 [debug] [MainThread]: Wrote artifact RunExecutionResult to /opt/airflow/dags/dbt/nhanes_project/target/run_results.json
[0m09:21:18.631140 [info ] [MainThread]: 
[0m09:21:18.631738 [info ] [MainThread]: [32mCompleted successfully[0m
[0m09:21:18.632195 [info ] [MainThread]: 
[0m09:21:18.632687 [info ] [MainThread]: Done. PASS=1 WARN=0 ERROR=0 SKIP=0 TOTAL=1
[0m09:21:18.635777 [debug] [MainThread]: Resource report: {"command_name": "run", "command_success": true, "command_wall_clock_time": 5.7136035, "process_in_blocks": "30184", "process_kernel_time": 2.849441, "process_mem_max_rss": "243556", "process_out_blocks": "14096", "process_user_time": 4.591292}
[0m09:21:18.636438 [debug] [MainThread]: Command `dbt run` succeeded at 09:21:18.636306 after 5.71 seconds
[0m09:21:18.636969 [debug] [MainThread]: Sending event: {'category': 'dbt', 'action': 'invocation', 'label': 'end', 'context': [<snowplow_tracker.self_describing_json.SelfDescribingJson object at 0x7f84f27967e0>, <snowplow_tracker.self_describing_json.SelfDescribingJson object at 0x7f84f2797b60>, <snowplow_tracker.self_describing_json.SelfDescribingJson object at 0x7f84b86b2e10>]}
[0m09:21:18.637488 [debug] [MainThread]: Flushing usage events
[0m09:21:19.162848 [debug] [MainThread]: An error was encountered while trying to flush usage events
[0m09:21:23.687593 [debug] [MainThread]: Sending event: {'category': 'dbt', 'action': 'invocation', 'label': 'start', 'context': [<snowplow_tracker.self_describing_json.SelfDescribingJson object at 0x7f1fd3d4f9e0>, <snowplow_tracker.self_describing_json.SelfDescribingJson object at 0x7f1fd39cfb90>, <snowplow_tracker.self_describing_json.SelfDescribingJson object at 0x7f1fd3d4cb60>]}


============================== 09:21:23.696192 | 0a29fa5c-3410-4d09-96d4-736cfa621721 ==============================
[0m09:21:23.696192 [info ] [MainThread]: Running with dbt=1.9.4
[0m09:21:23.696954 [debug] [MainThread]: running dbt with arguments {'printer_width': '80', 'indirect_selection': 'eager', 'log_cache_events': 'False', 'write_json': 'True', 'partial_parse': 'True', 'cache_selected_only': 'False', 'warn_error': 'None', 'fail_fast': 'False', 'version_check': 'True', 'log_path': '/opt/airflow/dags/dbt/nhanes_project/logs', 'profiles_dir': '/opt/airflow/dags/dbt/nhanes_project', 'debug': 'False', 'use_colors': 'True', 'use_experimental_parser': 'False', 'no_print': 'None', 'quiet': 'False', 'empty': 'False', 'warn_error_options': 'WarnErrorOptions(include=[], exclude=[])', 'static_parser': 'True', 'introspect': 'True', 'log_format': 'default', 'target_path': 'None', 'invocation_command': 'dbt run --select int_biomarkers_enriched', 'send_anonymous_usage_stats': 'True'}
[0m09:21:24.904742 [debug] [MainThread]: Sending event: {'category': 'dbt', 'action': 'project_id', 'label': '0a29fa5c-3410-4d09-96d4-736cfa621721', 'context': [<snowplow_tracker.self_describing_json.SelfDescribingJson object at 0x7f1fa2276960>]}
[0m09:21:24.975750 [debug] [MainThread]: Sending event: {'category': 'dbt', 'action': 'adapter_info', 'label': '0a29fa5c-3410-4d09-96d4-736cfa621721', 'context': [<snowplow_tracker.self_describing_json.SelfDescribingJson object at 0x7f1fd4297d70>]}
[0m09:21:24.976712 [info ] [MainThread]: Registered adapter: bigquery=1.9.1
[0m09:21:25.114205 [debug] [MainThread]: checksum: b5597158181700c50f5bc1c71fe28b37a6fb85633dc5323885263678b6bc782c, vars: {}, profile: , target: , version: 1.9.4
[0m09:21:25.283126 [debug] [MainThread]: Partial parsing enabled: 0 files deleted, 0 files added, 0 files changed.
[0m09:21:25.283951 [debug] [MainThread]: Partial parsing enabled, no changes found, skipping parsing
[0m09:21:25.359012 [debug] [MainThread]: Sending event: {'category': 'dbt', 'action': 'load_project', 'label': '0a29fa5c-3410-4d09-96d4-736cfa621721', 'context': [<snowplow_tracker.self_describing_json.SelfDescribingJson object at 0x7f1f9bea2d20>]}
[0m09:21:25.494045 [debug] [MainThread]: Wrote artifact WritableManifest to /opt/airflow/dags/dbt/nhanes_project/target/manifest.json
[0m09:21:25.496989 [debug] [MainThread]: Wrote artifact SemanticManifest to /opt/airflow/dags/dbt/nhanes_project/target/semantic_manifest.json
[0m09:21:25.518598 [debug] [MainThread]: Sending event: {'category': 'dbt', 'action': 'resource_counts', 'label': '0a29fa5c-3410-4d09-96d4-736cfa621721', 'context': [<snowplow_tracker.self_describing_json.SelfDescribingJson object at 0x7f1f9bedaab0>]}
[0m09:21:25.519303 [info ] [MainThread]: Found 3 models, 6 data tests, 1 source, 491 macros
[0m09:21:25.519842 [debug] [MainThread]: Sending event: {'category': 'dbt', 'action': 'runnable_timing', 'label': '0a29fa5c-3410-4d09-96d4-736cfa621721', 'context': [<snowplow_tracker.self_describing_json.SelfDescribingJson object at 0x7f1f9beb2ed0>]}
[0m09:21:25.521653 [info ] [MainThread]: 
[0m09:21:25.522144 [info ] [MainThread]: Concurrency: 4 threads (target='dev')
[0m09:21:25.522674 [info ] [MainThread]: 
[0m09:21:25.523391 [debug] [MainThread]: Acquiring new bigquery connection 'master'
[0m09:21:25.524905 [debug] [ThreadPool]: Acquiring new bigquery connection 'list_bg-gcp-biomarkers'
[0m09:21:25.525739 [debug] [ThreadPool]: Opening a new connection, currently in state init
[0m09:21:26.096163 [debug] [ThreadPool]: Re-using an available connection from the pool (formerly list_bg-gcp-biomarkers, now list_bg-gcp-biomarkers_raw)
[0m09:21:26.096735 [debug] [ThreadPool]: Opening a new connection, currently in state closed
[0m09:21:26.444511 [debug] [MainThread]: Sending event: {'category': 'dbt', 'action': 'runnable_timing', 'label': '0a29fa5c-3410-4d09-96d4-736cfa621721', 'context': [<snowplow_tracker.self_describing_json.SelfDescribingJson object at 0x7f1f9bf23dd0>]}
[0m09:21:26.445157 [debug] [MainThread]: Opening a new connection, currently in state init
[0m09:21:26.449869 [debug] [Thread-1 (]: Began running node model.bg_nhanes_project.int_biomarkers_enriched
[0m09:21:26.450671 [info ] [Thread-1 (]: 1 of 1 START sql view model raw.int_biomarkers_enriched ........................ [RUN]
[0m09:21:26.451367 [debug] [Thread-1 (]: Re-using an available connection from the pool (formerly list_bg-gcp-biomarkers_raw, now model.bg_nhanes_project.int_biomarkers_enriched)
[0m09:21:26.451864 [debug] [Thread-1 (]: Began compiling node model.bg_nhanes_project.int_biomarkers_enriched
[0m09:21:26.462287 [debug] [Thread-1 (]: Writing injected SQL for node "model.bg_nhanes_project.int_biomarkers_enriched"
[0m09:21:26.463040 [debug] [Thread-1 (]: Began executing node model.bg_nhanes_project.int_biomarkers_enriched
[0m09:21:26.501637 [debug] [Thread-1 (]: Writing runtime sql for node "model.bg_nhanes_project.int_biomarkers_enriched"
[0m09:21:26.502576 [debug] [Thread-1 (]: On model.bg_nhanes_project.int_biomarkers_enriched: /* {"app": "dbt", "dbt_version": "1.9.4", "profile_name": "bg_nhanes_project", "target_name": "dev", "node_id": "model.bg_nhanes_project.int_biomarkers_enriched"} */


  create or replace view `bg-gcp-biomarkers`.`raw`.`int_biomarkers_enriched`
  OPTIONS()
  as SELECT *,
  CASE
    WHEN cholesterol < 200 THEN 'Desirable'
    WHEN cholesterol < 240 THEN 'Borderline High'
    ELSE 'High'
  END AS cholesterol_category
FROM `bg-gcp-biomarkers`.`raw`.`stg_health_data`;


[0m09:21:26.503136 [debug] [Thread-1 (]: Opening a new connection, currently in state closed
[0m09:21:27.415475 [debug] [Thread-1 (]: BigQuery adapter: https://console.cloud.google.com/bigquery?project=bg-gcp-biomarkers&j=bq:us-west1:ffd964c2-3071-478d-a4a7-92c409d4f4f1&page=queryresults
[0m09:21:27.920386 [debug] [Thread-1 (]: Sending event: {'category': 'dbt', 'action': 'run_model', 'label': '0a29fa5c-3410-4d09-96d4-736cfa621721', 'context': [<snowplow_tracker.self_describing_json.SelfDescribingJson object at 0x7f1fa03a07d0>]}
[0m09:21:27.921520 [info ] [Thread-1 (]: 1 of 1 OK created sql view model raw.int_biomarkers_enriched ................... [[32mCREATE VIEW (0 processed)[0m in 1.47s]
[0m09:21:27.922388 [debug] [Thread-1 (]: Finished running node model.bg_nhanes_project.int_biomarkers_enriched
[0m09:21:27.925007 [debug] [MainThread]: Opening a new connection, currently in state closed
[0m09:21:27.926076 [debug] [MainThread]: Connection 'master' was properly closed.
[0m09:21:27.926539 [debug] [MainThread]: Connection 'model.bg_nhanes_project.int_biomarkers_enriched' was properly closed.
[0m09:21:27.926967 [info ] [MainThread]: 
[0m09:21:27.927461 [info ] [MainThread]: Finished running 1 view model in 0 hours 0 minutes and 2.40 seconds (2.40s).
[0m09:21:27.928346 [debug] [MainThread]: Command end result
[0m09:21:28.065605 [debug] [MainThread]: Wrote artifact WritableManifest to /opt/airflow/dags/dbt/nhanes_project/target/manifest.json
[0m09:21:28.067495 [debug] [MainThread]: Wrote artifact SemanticManifest to /opt/airflow/dags/dbt/nhanes_project/target/semantic_manifest.json
[0m09:21:28.074769 [debug] [MainThread]: Wrote artifact RunExecutionResult to /opt/airflow/dags/dbt/nhanes_project/target/run_results.json
[0m09:21:28.075294 [info ] [MainThread]: 
[0m09:21:28.075877 [info ] [MainThread]: [32mCompleted successfully[0m
[0m09:21:28.076374 [info ] [MainThread]: 
[0m09:21:28.076859 [info ] [MainThread]: Done. PASS=1 WARN=0 ERROR=0 SKIP=0 TOTAL=1
[0m09:21:28.078898 [debug] [MainThread]: Resource report: {"command_name": "run", "command_success": true, "command_wall_clock_time": 4.461444, "process_in_blocks": "12832", "process_kernel_time": 1.428864, "process_mem_max_rss": "257516", "process_out_blocks": "2080", "process_user_time": 4.400902}
[0m09:21:28.079538 [debug] [MainThread]: Command `dbt run` succeeded at 09:21:28.079417 after 4.46 seconds
[0m09:21:28.080031 [debug] [MainThread]: Sending event: {'category': 'dbt', 'action': 'invocation', 'label': 'end', 'context': [<snowplow_tracker.self_describing_json.SelfDescribingJson object at 0x7f1fd3bfa930>, <snowplow_tracker.self_describing_json.SelfDescribingJson object at 0x7f1fd39e83b0>, <snowplow_tracker.self_describing_json.SelfDescribingJson object at 0x7f1f982af6b0>]}
[0m09:21:28.080505 [debug] [MainThread]: Flushing usage events
[0m09:21:28.577624 [debug] [MainThread]: An error was encountered while trying to flush usage events
[0m09:21:33.803683 [debug] [MainThread]: Sending event: {'category': 'dbt', 'action': 'invocation', 'label': 'start', 'context': [<snowplow_tracker.self_describing_json.SelfDescribingJson object at 0x7f4dfa864dd0>, <snowplow_tracker.self_describing_json.SelfDescribingJson object at 0x7f4dfa5cddc0>, <snowplow_tracker.self_describing_json.SelfDescribingJson object at 0x7f4dfc3ddb20>]}


============================== 09:21:33.812127 | 6f27c86b-f330-4462-8b5c-ec9b6592f61a ==============================
[0m09:21:33.812127 [info ] [MainThread]: Running with dbt=1.9.4
[0m09:21:33.812913 [debug] [MainThread]: running dbt with arguments {'printer_width': '80', 'indirect_selection': 'eager', 'write_json': 'True', 'log_cache_events': 'False', 'partial_parse': 'True', 'cache_selected_only': 'False', 'profiles_dir': '/opt/airflow/dags/dbt/nhanes_project', 'debug': 'False', 'version_check': 'True', 'log_path': '/opt/airflow/dags/dbt/nhanes_project/logs', 'warn_error': 'None', 'fail_fast': 'False', 'use_colors': 'True', 'use_experimental_parser': 'False', 'no_print': 'None', 'quiet': 'False', 'empty': 'False', 'warn_error_options': 'WarnErrorOptions(include=[], exclude=[])', 'introspect': 'True', 'invocation_command': 'dbt run --select fct_longevity_summary', 'static_parser': 'True', 'target_path': 'None', 'log_format': 'default', 'send_anonymous_usage_stats': 'True'}
[0m09:21:34.952672 [debug] [MainThread]: Sending event: {'category': 'dbt', 'action': 'project_id', 'label': '6f27c86b-f330-4462-8b5c-ec9b6592f61a', 'context': [<snowplow_tracker.self_describing_json.SelfDescribingJson object at 0x7f4dc35123f0>]}
[0m09:21:35.033810 [debug] [MainThread]: Sending event: {'category': 'dbt', 'action': 'adapter_info', 'label': '6f27c86b-f330-4462-8b5c-ec9b6592f61a', 'context': [<snowplow_tracker.self_describing_json.SelfDescribingJson object at 0x7f4dfaa32060>]}
[0m09:21:35.034842 [info ] [MainThread]: Registered adapter: bigquery=1.9.1
[0m09:21:35.154277 [debug] [MainThread]: checksum: b5597158181700c50f5bc1c71fe28b37a6fb85633dc5323885263678b6bc782c, vars: {}, profile: , target: , version: 1.9.4
[0m09:21:35.296147 [debug] [MainThread]: Partial parsing enabled: 0 files deleted, 0 files added, 0 files changed.
[0m09:21:35.296671 [debug] [MainThread]: Partial parsing enabled, no changes found, skipping parsing
[0m09:21:35.352487 [debug] [MainThread]: Sending event: {'category': 'dbt', 'action': 'load_project', 'label': '6f27c86b-f330-4462-8b5c-ec9b6592f61a', 'context': [<snowplow_tracker.self_describing_json.SelfDescribingJson object at 0x7f4dc30c4a40>]}
[0m09:21:35.456443 [debug] [MainThread]: Wrote artifact WritableManifest to /opt/airflow/dags/dbt/nhanes_project/target/manifest.json
[0m09:21:35.458382 [debug] [MainThread]: Wrote artifact SemanticManifest to /opt/airflow/dags/dbt/nhanes_project/target/semantic_manifest.json
[0m09:21:35.478113 [debug] [MainThread]: Sending event: {'category': 'dbt', 'action': 'resource_counts', 'label': '6f27c86b-f330-4462-8b5c-ec9b6592f61a', 'context': [<snowplow_tracker.self_describing_json.SelfDescribingJson object at 0x7f4dc285c950>]}
[0m09:21:35.478750 [info ] [MainThread]: Found 3 models, 6 data tests, 1 source, 491 macros
[0m09:21:35.479275 [debug] [MainThread]: Sending event: {'category': 'dbt', 'action': 'runnable_timing', 'label': '6f27c86b-f330-4462-8b5c-ec9b6592f61a', 'context': [<snowplow_tracker.self_describing_json.SelfDescribingJson object at 0x7f4dc2f506b0>]}
[0m09:21:35.481031 [info ] [MainThread]: 
[0m09:21:35.481539 [info ] [MainThread]: Concurrency: 4 threads (target='dev')
[0m09:21:35.481998 [info ] [MainThread]: 
[0m09:21:35.482650 [debug] [MainThread]: Acquiring new bigquery connection 'master'
[0m09:21:35.483950 [debug] [ThreadPool]: Acquiring new bigquery connection 'list_bg-gcp-biomarkers'
[0m09:21:35.484701 [debug] [ThreadPool]: Opening a new connection, currently in state init
[0m09:21:36.029563 [debug] [ThreadPool]: Re-using an available connection from the pool (formerly list_bg-gcp-biomarkers, now list_bg-gcp-biomarkers_raw)
[0m09:21:36.030273 [debug] [ThreadPool]: Opening a new connection, currently in state closed
[0m09:21:36.449441 [debug] [MainThread]: Sending event: {'category': 'dbt', 'action': 'runnable_timing', 'label': '6f27c86b-f330-4462-8b5c-ec9b6592f61a', 'context': [<snowplow_tracker.self_describing_json.SelfDescribingJson object at 0x7f4dc2f66c90>]}
[0m09:21:36.450208 [debug] [MainThread]: Opening a new connection, currently in state init
[0m09:21:36.455510 [debug] [Thread-1 (]: Began running node model.bg_nhanes_project.fct_longevity_summary
[0m09:21:36.456525 [info ] [Thread-1 (]: 1 of 1 START sql view model raw.fct_longevity_summary .......................... [RUN]
[0m09:21:36.457252 [debug] [Thread-1 (]: Re-using an available connection from the pool (formerly list_bg-gcp-biomarkers_raw, now model.bg_nhanes_project.fct_longevity_summary)
[0m09:21:36.457769 [debug] [Thread-1 (]: Began compiling node model.bg_nhanes_project.fct_longevity_summary
[0m09:21:36.468683 [debug] [Thread-1 (]: Writing injected SQL for node "model.bg_nhanes_project.fct_longevity_summary"
[0m09:21:36.469503 [debug] [Thread-1 (]: Began executing node model.bg_nhanes_project.fct_longevity_summary
[0m09:21:36.509363 [debug] [Thread-1 (]: Writing runtime sql for node "model.bg_nhanes_project.fct_longevity_summary"
[0m09:21:36.510301 [debug] [Thread-1 (]: On model.bg_nhanes_project.fct_longevity_summary: /* {"app": "dbt", "dbt_version": "1.9.4", "profile_name": "bg_nhanes_project", "target_name": "dev", "node_id": "model.bg_nhanes_project.fct_longevity_summary"} */


  create or replace view `bg-gcp-biomarkers`.`raw`.`fct_longevity_summary`
  OPTIONS()
  as SELECT
  gender,
  AVG(age) AS avg_age,
  AVG(cholesterol) AS avg_cholesterol,
  COUNT(*) AS num_people
FROM `bg-gcp-biomarkers`.`raw`.`int_biomarkers_enriched`
GROUP BY gender;


[0m09:21:36.510887 [debug] [Thread-1 (]: Opening a new connection, currently in state closed
[0m09:21:37.775138 [debug] [Thread-1 (]: BigQuery adapter: https://console.cloud.google.com/bigquery?project=bg-gcp-biomarkers&j=bq:us-west1:86d59b4a-7dd9-4f28-825e-a94112dc7f9d&page=queryresults
[0m09:21:38.328218 [debug] [Thread-1 (]: Sending event: {'category': 'dbt', 'action': 'run_model', 'label': '6f27c86b-f330-4462-8b5c-ec9b6592f61a', 'context': [<snowplow_tracker.self_describing_json.SelfDescribingJson object at 0x7f4dc2ea4a40>]}
[0m09:21:38.329480 [info ] [Thread-1 (]: 1 of 1 OK created sql view model raw.fct_longevity_summary ..................... [[32mCREATE VIEW (0 processed)[0m in 1.87s]
[0m09:21:38.330301 [debug] [Thread-1 (]: Finished running node model.bg_nhanes_project.fct_longevity_summary
[0m09:21:38.332333 [debug] [MainThread]: Opening a new connection, currently in state closed
[0m09:21:38.333044 [debug] [MainThread]: Connection 'master' was properly closed.
[0m09:21:38.333476 [debug] [MainThread]: Connection 'model.bg_nhanes_project.fct_longevity_summary' was properly closed.
[0m09:21:38.333898 [info ] [MainThread]: 
[0m09:21:38.334387 [info ] [MainThread]: Finished running 1 view model in 0 hours 0 minutes and 2.85 seconds (2.85s).
[0m09:21:38.335184 [debug] [MainThread]: Command end result
[0m09:21:38.443721 [debug] [MainThread]: Wrote artifact WritableManifest to /opt/airflow/dags/dbt/nhanes_project/target/manifest.json
[0m09:21:38.445778 [debug] [MainThread]: Wrote artifact SemanticManifest to /opt/airflow/dags/dbt/nhanes_project/target/semantic_manifest.json
[0m09:21:38.452492 [debug] [MainThread]: Wrote artifact RunExecutionResult to /opt/airflow/dags/dbt/nhanes_project/target/run_results.json
[0m09:21:38.453006 [info ] [MainThread]: 
[0m09:21:38.453570 [info ] [MainThread]: [32mCompleted successfully[0m
[0m09:21:38.454028 [info ] [MainThread]: 
[0m09:21:38.454537 [info ] [MainThread]: Done. PASS=1 WARN=0 ERROR=0 SKIP=0 TOTAL=1
[0m09:21:38.455694 [debug] [MainThread]: Resource report: {"command_name": "run", "command_success": true, "command_wall_clock_time": 4.7221723, "process_in_blocks": "1504", "process_kernel_time": 1.36426, "process_mem_max_rss": "257768", "process_out_blocks": "2072", "process_user_time": 4.264507}
[0m09:21:38.456259 [debug] [MainThread]: Command `dbt run` succeeded at 09:21:38.456143 after 4.72 seconds
[0m09:21:38.456781 [debug] [MainThread]: Sending event: {'category': 'dbt', 'action': 'invocation', 'label': 'end', 'context': [<snowplow_tracker.self_describing_json.SelfDescribingJson object at 0x7f4dc3824440>, <snowplow_tracker.self_describing_json.SelfDescribingJson object at 0x7f4dc3563f80>, <snowplow_tracker.self_describing_json.SelfDescribingJson object at 0x7f4daade3380>]}
[0m09:21:38.457269 [debug] [MainThread]: Flushing usage events
[0m09:21:38.995899 [debug] [MainThread]: An error was encountered while trying to flush usage events
